run_id,seed,kp,ki,kd,target_speed_m_s,dt_s,steps,noise_sigma,overshoot_m_s,settling_time_s,steady_state_error_m_s,mean_abs_error_m_s,duration_s,sample_count,tolerance_m_s,target_ref_m_s,overshoot_ratio,ss_err_ratio,label
1,42,0.803369,0.008754,0.055006,21.696322,0.100000,300,0.000000,0.000000,6.500000,0.030196,2.366141,29.900000,300,0.500000,21.696322,0.000000,0.060392,no_change
2,42,0.910118,0.236845,0.178436,17.608165,0.100000,300,0.000000,0.115025,5.300000,0.000415,1.554903,29.900000,300,0.500000,17.608165,0.230049,0.000830,no_change
3,42,0.564114,0.010429,0.043728,30.160659,0.100000,300,0.000000,0.000000,9.300000,0.072698,4.625355,29.900000,300,0.603213,30.160659,0.000000,0.120518,no_change
4,42,0.129190,0.069593,0.129977,31.348244,0.100000,300,0.000000,3.376055,24.200000,0.067680,5.985142,29.900000,300,0.626965,31.348244,5.384759,0.107948,reduce_kp
5,42,0.342485,0.206243,0.161886,15.194963,0.100000,300,0.000000,1.127429,-1.0,1.089949,2.040624,29.900000,300,0.500000,15.194963,2.254857,2.179898,increase_ki
6,42,0.986401,0.244349,0.068050,19.664385,0.100000,300,0.000000,0.058920,5.800000,0.000374,1.923775,29.900000,300,0.500000,19.664385,0.117841,0.000749,no_change
7,42,1.152934,0.117808,0.018549,17.901491,0.100000,300,0.000000,0.000000,5.200000,0.000041,1.581901,29.900000,300,0.500000,17.901491,0.000000,0.000083,no_change
8,42,1.032244,0.211304,0.161426,36.891954,0.100000,300,0.000000,0.028891,11.200000,0.001830,6.876363,29.900000,300,0.737839,36.891954,0.039156,0.002480,no_change
9,42,0.689851,0.340591,0.075707,31.561219,0.100000,300,0.000000,0.176148,9.600000,0.000003,5.014562,29.900000,300,0.631224,31.561219,0.279058,0.000004,no_change
10,42,1.012345,0.216482,0.172341,32.320564,0.100000,300,0.000000,0.052211,9.800000,0.001933,5.256692,29.900000,300,0.646411,32.320564,0.080771,0.002990,no_change
11,42,0.875029,0.016039,0.045580,23.681639,0.100000,300,0.000000,0.000000,7.100000,0.026691,2.814793,29.900000,300,0.500000,23.681639,0.000000,0.053383,no_change
12,42,0.187771,0.081477,0.020200,23.339208,0.100000,300,0.000000,1.246208,15.800000,0.010688,3.014135,29.900000,300,0.500000,23.339208,2.492417,0.021377,reduce_ki
13,42,0.799253,0.127691,0.074036,21.285211,0.100000,300,0.000000,0.053929,6.400000,0.002655,2.263455,29.900000,300,0.500000,21.285211,0.107858,0.005310,no_change
14,42,0.393676,0.327829,0.129607,33.273930,0.100000,300,0.000000,0.795208,12.700000,0.000445,5.650349,29.900000,300,0.665479,33.273930,1.194941,0.000669,reduce_ki
15,42,0.288253,0.255194,0.032680,26.383663,0.100000,300,0.000000,0.969102,12.700000,0.000429,3.617615,29.900000,300,0.527673,26.383663,1.836558,0.000813,reduce_ki
16,42,1.188476,0.224000,0.111390,35.538428,0.100000,300,0.000000,0.000000,10.700000,0.000399,6.364949,29.900000,300,0.710769,35.538428,0.000000,0.000561,no_change
17,42,1.027137,0.271600,0.045810,15.963007,0.100000,300,0.000000,0.056509,4.700000,0.000177,1.263215,29.900000,300,0.500000,15.963007,0.113019,0.000353,no_change
18,42,0.446998,0.093709,0.042197,43.287291,0.100000,300,0.000000,0.062825,13.600000,0.007396,9.562853,29.900000,300,0.865746,43.287291,0.072567,0.008543,increase_kp
19,42,1.064004,0.110137,0.131088,26.868957,0.100000,300,0.000000,0.006698,8.100000,0.001298,3.607378,29.900000,300,0.537379,26.868957,0.012464,0.002415,no_change
20,42,1.106002,0.160598,0.052976,22.398825,0.100000,300,0.000000,0.011190,6.600000,0.000765,2.493564,29.900000,300,0.500000,22.398825,0.022381,0.001530,no_change
21,42,0.717505,0.091960,0.116917,41.934687,0.100000,300,0.000000,0.000000,13.000000,0.007301,8.951630,29.900000,300,0.838694,41.934687,0.000000,0.008706,increase_kp
22,42,0.539341,0.076762,0.199508,30.285789,0.100000,300,0.000000,0.167145,9.600000,0.021519,4.666984,29.900000,300,0.605716,30.285789,0.275946,0.035526,no_change
23,42,0.200000,0.016491,0.021930,33.823381,0.100000,300,0.000000,0.164720,11.800000,0.084876,5.917441,29.900000,300,0.676468,33.823381,0.243500,0.125469,no_change
24,42,0.971287,0.147756,0.012706,26.448579,0.100000,300,0.000000,0.000000,7.900000,0.000498,3.490353,29.900000,300,0.528972,26.448579,0.000000,0.000941,no_change
25,42,1.195734,0.185190,0.194216,40.823391,0.100000,300,0.000000,0.000000,12.500000,0.002006,8.457494,29.900000,300,0.816468,40.823391,0.000000,0.002457,increase_kp
26,42,0.112629,0.252253,0.136342,31.109110,0.100000,300,0.000000,2.856502,25.500000,0.289403,5.957144,29.900000,300,0.622182,31.109110,4.591102,0.465142,reduce_kp
27,42,0.393508,0.224337,0.022310,28.042958,0.100000,300,0.000000,0.435328,8.600000,0.000008,3.976094,29.900000,300,0.560859,28.042958,0.776180,0.000013,reduce_ki
28,42,0.599096,0.333836,0.175171,22.901672,0.100000,300,0.000000,0.455388,7.000000,0.000004,2.660674,29.900000,300,0.500000,22.901672,0.910776,0.000007,reduce_ki
29,42,0.650645,0.062528,0.182526,41.115557,0.100000,300,0.000000,0.000000,12.900000,0.002444,8.601706,29.900000,300,0.822311,41.115557,0.000000,0.002972,increase_kp
30,42,0.428289,0.223632,0.121794,19.585178,0.100000,300,0.000000,0.621636,9.600000,0.000144,2.012498,29.900000,300,0.500000,19.585178,1.243271,0.000289,reduce_ki
31,42,0.938762,0.188783,0.155725,30.910610,0.100000,300,0.000000,0.039903,9.400000,0.001726,4.801373,29.900000,300,0.618212,30.910610,0.064546,0.002792,no_change
32,42,0.100629,0.113455,0.003895,42.872958,0.100000,300,0.000000,2.602077,19.800000,0.065108,9.813391,29.900000,300,0.857459,42.872958,3.034637,0.075932,reduce_kp
33,42,1.066594,0.291083,0.061503,16.737755,0.100000,300,0.000000,0.044774,4.900000,0.000126,1.388009,29.900000,300,0.500000,16.737755,0.089549,0.000253,no_change
34,42,1.065811,0.331432,0.017131,29.579714,0.100000,300,0.000000,0.014730,8.800000,0.000073,4.378578,29.900000,300,0.591594,29.579714,0.024898,0.000123,no_change
35,42,0.176134,0.266211,0.153167,18.851744,0.100000,300,0.000000,2.553735,-1.0,2.553697,3.776202,29.900000,300,0.500000,18.851744,5.107471,5.107393,reduce_kp
36,42,0.622811,0.192431,0.053011,41.172991,0.100000,300,0.000000,0.076378,12.700000,0.001378,8.615814,29.900000,300,0.823460,41.172991,0.092753,0.001674,increase_kp
37,42,0.565452,0.074129,0.107859,36.897932,0.100000,300,0.000000,0.036231,11.500000,0.008002,6.898086,29.900000,300,0.737959,36.897932,0.049097,0.010844,no_change
38,42,0.321266,0.109101,0.199030,34.496342,0.100000,300,0.000000,0.920020,15.800000,0.016963,6.175995,29.900000,300,0.689927,34.496342,1.333504,0.024586,reduce_ki
39,42,0.581910,0.181152,0.024201,21.740920,0.100000,300,0.000000,0.136338,6.600000,0.000182,2.368609,29.900000,300,0.500000,21.740920,0.272676,0.000365,no_change
40,42,0.471894,0.205908,0.046023,21.606522,0.100000,300,0.000000,0.307686,6.600000,0.000001,2.357187,29.900000,300,0.500000,21.606522,0.615373,0.000002,reduce_ki
41,42,0.178092,0.220886,0.045788,42.162600,0.100000,300,0.000000,1.740369,17.300000,0.025560,9.261608,29.900000,300,0.843252,42.162600,2.063878,0.030311,reduce_kp
42,42,1.045599,0.024800,0.047601,35.069333,0.100000,300,0.000000,0.000000,10.600000,0.054009,6.232367,29.900000,300,0.701387,35.069333,0.000000,0.077004,no_change
43,42,0.335660,0.046309,0.187103,32.131293,0.100000,300,0.000000,0.412358,10.700000,0.072168,5.365545,29.900000,300,0.642626,32.131293,0.641677,0.112302,reduce_ki
44,42,0.619938,0.274617,0.161499,20.712297,0.100000,300,0.000000,0.342205,6.400000,0.000000,2.171466,29.900000,300,0.500000,20.712297,0.684409,0.000000,reduce_ki
45,42,0.206624,0.150868,0.084716,29.010740,0.100000,300,0.000000,1.746250,17.300000,0.002504,4.585084,29.900000,300,0.580215,29.010740,3.009662,0.004316,reduce_kp
46,42,0.901983,0.235678,0.196833,17.952536,0.100000,300,0.000000,0.150404,5.400000,0.000516,1.621657,29.900000,300,0.500000,17.952536,0.300809,0.001032,no_change
47,42,0.542883,0.118756,0.172335,22.459690,0.100000,300,0.000000,0.265528,7.100000,0.003294,2.576393,29.900000,300,0.500000,22.459690,0.531055,0.006589,no_change
48,42,0.309230,0.157015,0.084376,23.356354,0.100000,300,0.000000,0.870336,12.500000,0.001127,2.870829,29.900000,300,0.500000,23.356354,1.740673,0.002254,reduce_ki
49,42,0.374787,0.323143,0.088626,40.840473,0.100000,300,0.000000,0.733091,12.600000,0.000034,8.527311,29.900000,300,0.816809,40.840473,0.897506,0.000042,reduce_ki
50,42,0.705358,0.017706,0.199856,40.080828,0.100000,300,0.000000,0.000000,12.500000,0.090365,8.218546,29.900000,300,0.801617,40.080828,0.000000,0.112729,increase_kp
51,42,1.165896,0.324228,0.169739,19.989333,0.100000,300,0.000000,0.078016,6.000000,0.000253,1.991505,29.900000,300,0.500000,19.989333,0.156032,0.000507,no_change
52,42,0.634205,0.074812,0.080208,16.759062,0.100000,300,0.000000,0.075938,5.200000,0.007618,1.418606,29.900000,300,0.500000,16.759062,0.151877,0.015235,no_change
53,42,0.516870,0.344858,0.053041,38.522118,0.100000,300,0.000000,0.278609,11.900000,0.000020,7.529793,29.900000,300,0.770442,38.522118,0.361623,0.000026,no_change
54,42,0.600509,0.148053,0.191464,44.862681,0.100000,300,0.000000,0.136414,14.100000,0.010510,10.303217,29.900000,300,0.897254,44.862681,0.152035,0.011714,increase_kp
55,42,0.711345,0.251443,0.030959,23.901235,0.100000,300,0.000000,0.088797,7.200000,0.000066,2.854156,29.900000,300,0.500000,23.901235,0.177593,0.000132,no_change
56,42,1.165580,0.202713,0.108439,37.439267,0.100000,300,0.000000,0.000000,11.400000,0.001225,7.081566,29.900000,300,0.748785,37.439267,0.000000,0.001637,no_change
57,42,0.162882,0.204462,0.100570,40.581597,0.100000,300,0.000000,2.207736,18.500000,0.038624,8.720655,29.900000,300,0.811632,40.581597,2.720119,0.047589,reduce_kp
58,42,0.273176,0.336273,0.016022,20.574749,0.100000,300,0.000000,1.065309,-1.0,1.050796,2.915242,29.900000,300,0.500000,20.574749,2.130618,2.101593,increase_ki
59,42,0.754539,0.236324,0.047041,18.596598,0.100000,300,0.000000,0.110585,5.500000,0.000116,1.726285,29.900000,300,0.500000,18.596598,0.221171,0.000232,no_change
60,42,1.079316,0.086175,0.118904,33.581445,0.100000,300,0.000000,0.000000,10.200000,0.010500,5.683846,29.900000,300,0.671629,33.581445,0.000000,0.015633,no_change
61,42,0.561147,0.204285,0.104557,43.041188,0.100000,300,0.000000,0.186728,13.400000,0.001090,9.453499,29.900000,300,0.860824,43.041188,0.216918,0.001266,increase_kp
62,42,0.324685,0.250667,0.047737,26.873575,0.100000,300,0.000000,0.824174,11.800000,0.000207,3.712718,29.900000,300,0.537472,26.873575,1.533428,0.000385,reduce_ki
63,42,0.838859,0.104999,0.063235,37.555935,0.100000,300,0.000000,0.000000,11.400000,0.008351,7.140140,29.900000,300,0.751119,37.555935,0.000000,0.011118,no_change
64,42,0.179797,0.160400,0.199691,44.882893,0.100000,300,0.000000,2.510405,20.200000,0.154075,10.716117,29.900000,300,0.897658,44.882893,2.796616,0.171642,reduce_kp
65,42,0.180587,0.074604,0.053040,42.997781,0.100000,300,0.000000,1.330307,19.000000,0.090941,9.663688,29.900000,300,0.859956,42.997781,1.546949,0.105751,reduce_ki
66,42,1.068951,0.307745,0.073905,19.732405,0.100000,300,0.000000,0.048537,5.800000,0.000128,1.934197,29.900000,300,0.500000,19.732405,0.097074,0.000256,no_change
67,42,1.017119,0.246239,0.122336,44.616992,0.100000,300,0.000000,0.000000,13.800000,0.000344,10.149201,29.900000,300,0.892340,44.616992,0.000000,0.000386,increase_kp
68,42,0.819374,0.002738,0.163421,23.981363,0.100000,300,0.000000,0.000000,7.400000,0.046152,2.908224,29.900000,300,0.500000,23.981363,0.000000,0.092305,no_change
69,42,0.829728,0.328626,0.026858,18.462860,0.100000,300,0.000000,0.107654,5.400000,0.000014,1.695844,29.900000,300,0.500000,18.462860,0.215307,0.000028,no_change
70,42,0.217740,0.193628,0.054470,33.144895,0.100000,300,0.000000,1.567599,15.700000,0.009814,5.765170,29.900000,300,0.662898,33.144895,2.364767,0.014805,reduce_kp
71,42,0.889373,0.071259,0.126848,22.919517,0.100000,300,0.000000,0.014288,7.000000,0.003743,2.621631,29.900000,300,0.500000,22.919517,0.028575,0.007486,no_change
72,42,0.637385,0.316868,0.169221,17.768954,0.100000,300,0.000000,0.373533,5.400000,0.000002,1.614734,29.900000,300,0.500000,17.768954,0.747066,0.000005,reduce_ki
73,42,0.565933,0.096838,0.000709,38.133577,0.100000,300,0.000000,0.000000,11.700000,0.001566,7.360999,29.900000,300,0.762672,38.133577,0.000000,0.002054,no_change
74,42,0.800825,0.091684,0.148246,31.550413,0.100000,300,0.000000,0.012850,9.700000,0.002724,5.006420,29.900000,300,0.631008,31.550413,0.020365,0.004317,no_change
75,42,0.570456,0.003384,0.015049,41.493192,0.100000,300,0.000000,0.000000,12.800000,0.201193,8.862270,29.900000,300,0.829864,41.493192,0.000000,0.242441,increase_kp
76,42,1.094321,0.190957,0.166919,32.475287,0.100000,300,0.000000,0.022842,9.800000,0.001719,5.302667,29.900000,300,0.649506,32.475287,0.035168,0.002647,no_change
77,42,0.262903,0.044606,0.061652,41.969445,0.100000,300,0.000000,0.294704,13.700000,0.064052,9.076383,29.900000,300,0.839389,41.969445,0.351093,0.076308,increase_kp
78,42,0.975735,0.301246,0.179785,21.302296,0.100000,300,0.000000,0.129975,6.400000,0.000200,2.271536,29.900000,300,0.500000,21.302296,0.259950,0.000401,no_change
79,42,0.374483,0.035978,0.156023,41.524041,0.100000,300,0.000000,0.069571,13.600000,0.036998,8.836153,29.900000,300,0.830481,41.524041,0.083772,0.044550,increase_kp
80,42,0.547015,0.217232,0.030911,42.896430,0.100000,300,0.000000,0.104514,13.300000,0.000447,9.373982,29.900000,300,0.857929,42.896430,0.121821,0.000522,increase_kp
81,42,1.051066,0.341672,0.162154,41.442486,0.100000,300,0.000000,0.041387,12.700000,0.000661,8.723171,29.900000,300,0.828850,41.442486,0.049933,0.000798,increase_kp
82,42,0.127265,0.257798,0.066437,42.924477,0.100000,300,0.000000,2.254770,18.800000,0.049332,9.749550,29.900000,300,0.858490,42.924477,2.626439,0.057464,reduce_kp
83,42,0.982459,0.302422,0.162150,23.004171,0.100000,300,0.000000,0.099287,6.900000,0.000203,2.646102,29.900000,300,0.500000,23.004171,0.198575,0.000407,no_change
84,42,0.966112,0.037833,0.174433,40.757798,0.100000,300,0.000000,0.000000,12.500000,0.057551,8.470600,29.900000,300,0.815156,40.757798,0.000000,0.070601,increase_kp
85,42,0.344677,0.285805,0.092061,24.155726,0.100000,300,0.000000,0.947138,13.100000,0.000136,3.073390,29.900000,300,0.500000,24.155726,1.894275,0.000273,reduce_ki
86,42,0.974880,0.079658,0.004733,20.793894,0.100000,300,0.000000,0.000000,6.100000,0.001379,2.145222,29.900000,300,0.500000,20.793894,0.000000,0.002757,no_change
87,42,0.461088,0.302524,0.193378,23.373750,0.100000,300,0.000000,0.786232,11.700000,0.000194,2.847261,29.900000,300,0.500000,23.373750,1.572465,0.000387,reduce_ki
88,42,0.805630,0.139887,0.196230,31.086472,0.100000,300,0.000000,0.074168,9.600000,0.005357,4.871359,29.900000,300,0.621729,31.086472,0.119294,0.008617,no_change
89,42,1.133161,0.040370,0.194080,20.357034,0.100000,300,0.000000,0.000000,6.100000,0.003160,2.062301,29.900000,300,0.500000,20.357034,0.000000,0.006319,no_change
90,42,1.158788,0.092913,0.021681,28.036913,0.100000,300,0.000000,0.000000,8.400000,0.006951,3.935636,29.900000,300,0.560738,28.036913,0.000000,0.012397,no_change
91,42,0.901400,0.109787,0.121242,30.342692,0.100000,300,0.000000,0.004059,9.200000,0.000725,4.618288,29.900000,300,0.606854,30.342692,0.006688,0.001195,no_change
92,42,0.523715,0.201806,0.050945,36.263559,0.100000,300,0.000000,0.180508,11.200000,0.000175,6.659535,29.900000,300,0.725271,36.263559,0.248884,0.000242,no_change
93,42,0.101860,0.323951,0.107690,36.582900,0.100000,300,0.000000,2.522214,20.900000,0.027554,7.465729,29.900000,300,0.731658,36.582900,3.447258,0.037660,reduce_kp
94,42,0.916145,0.234720,0.072844,17.099214,0.100000,300,0.000000,0.074394,5.100000,0.000305,1.455676,29.900000,300,0.500000,17.099214,0.148788,0.000609,no_change
95,42,0.830661,0.115570,0.062783,40.440458,0.100000,300,0.000000,0.000000,12.400000,0.007621,8.304459,29.900000,300,0.808809,40.440458,0.000000,0.009423,increase_kp
96,42,0.891730,0.105113,0.061857,27.251787,0.100000,300,0.000000,0.000000,8.200000,0.000877,3.712345,29.900000,300,0.545036,27.251787,0.000000,0.001609,no_change
97,42,0.542640,0.103479,0.025458,27.613390,0.100000,300,0.000000,0.065059,8.500000,0.002675,3.830181,29.900000,300,0.552268,27.613390,0.117804,0.004843,no_change
98,42,1.134400,0.237061,0.180561,33.465447,0.100000,300,0.000000,0.038435,10.100000,0.001689,5.638081,29.900000,300,0.669309,33.465447,0.057425,0.002523,no_change
99,42,0.431045,0.191778,0.000081,23.607412,0.100000,300,0.000000,0.296462,7.200000,0.000001,2.807357,29.900000,300,0.500000,23.607412,0.592924,0.000003,no_change
100,42,0.572877,0.202995,0.130941,28.949646,0.100000,300,0.000000,0.249736,9.000000,0.000082,4.234583,29.900000,300,0.578993,28.949646,0.431328,0.000141,no_change
101,42,0.586376,0.074795,0.094637,42.035425,0.100000,300,0.000000,0.000000,13.100000,0.004611,8.998391,29.900000,300,0.840708,42.035425,0.000000,0.005484,increase_kp
102,42,0.975627,0.059392,0.016959,30.463560,0.100000,300,0.000000,0.000000,9.100000,0.018867,4.669446,29.900000,300,0.609271,30.463560,0.000000,0.030967,no_change
103,42,0.796235,0.117316,0.163685,37.534144,0.100000,300,0.000000,0.021584,11.500000,0.003739,7.130416,29.900000,300,0.750683,37.534144,0.028753,0.004981,no_change
104,42,0.840075,0.078624,0.039826,15.732762,0.100000,300,0.000000,0.018789,4.700000,0.002905,1.228370,29.900000,300,0.500000,15.732762,0.037578,0.005811,no_change
105,42,0.369327,0.166298,0.169948,17.184847,0.100000,300,0.000000,0.861087,14.400000,0.007311,1.734489,29.900000,300,0.500000,17.184847,1.722175,0.014622,reduce_ki
106,42,0.555885,0.220418,0.038887,35.890628,0.100000,300,0.000000,0.164454,11.000000,0.000151,6.515568,29.900000,300,0.717813,35.890628,0.229104,0.000210,no_change
107,42,0.643815,0.085395,0.131212,15.166345,0.100000,300,0.000000,0.106470,4.800000,0.007343,1.175943,29.900000,300,0.500000,15.166345,0.212941,0.014685,no_change
108,42,0.926061,0.269516,0.021317,27.754386,0.100000,300,0.000000,0.023443,8.300000,0.000136,3.849953,29.900000,300,0.555088,27.754386,0.042233,0.000245,no_change
109,42,0.293475,0.335288,0.103592,16.506552,0.100000,300,0.000000,1.411425,-1.0,1.361195,2.459315,29.900000,300,0.500000,16.506552,2.822850,2.722391,increase_ki
110,42,0.374118,0.296918,0.091292,39.042498,0.100000,300,0.000000,0.709372,12.100000,0.000161,7.784039,29.900000,300,0.780850,39.042498,0.908461,0.000207,reduce_ki
111,42,0.834336,0.345762,0.119090,43.501188,0.100000,300,0.000000,0.092581,13.400000,0.000397,9.641420,29.900000,300,0.870024,43.501188,0.106412,0.000457,increase_kp
112,42,1.080569,0.214428,0.143855,30.143345,0.100000,300,0.000000,0.026118,9.100000,0.001101,4.557297,29.900000,300,0.602867,30.143345,0.043322,0.001827,no_change
113,42,1.013626,0.191755,0.179442,37.309663,0.100000,300,0.000000,0.014041,11.400000,0.001271,7.035937,29.900000,300,0.746193,37.309663,0.018817,0.001703,no_change
114,42,0.622142,0.090717,0.049448,34.129843,0.100000,300,0.000000,0.005768,10.500000,0.000920,5.870505,29.900000,300,0.682597,34.129843,0.008450,0.001348,no_change
115,42,0.942395,0.182455,0.125350,23.237923,0.100000,300,0.000000,0.048450,7.000000,0.001359,2.697250,29.900000,300,0.500000,23.237923,0.096900,0.002718,no_change
116,42,0.185232,0.100005,0.054343,24.591287,0.100000,300,0.000000,1.663332,18.300000,0.035905,3.454426,29.900000,300,0.500000,24.591287,3.326664,0.071810,reduce_kp
117,42,0.694167,0.048431,0.046252,35.818494,0.100000,300,0.000000,0.000000,10.900000,0.027198,6.500806,29.900000,300,0.716370,35.818494,0.000000,0.037966,no_change
118,42,0.877061,0.022480,0.081520,31.278334,0.100000,300,0.000000,0.000000,9.500000,0.043836,4.944948,29.900000,300,0.625567,31.278334,0.000000,0.070074,no_change
119,42,0.557352,0.072392,0.084029,42.145154,0.100000,300,0.000000,0.000000,13.100000,0.003476,9.046219,29.900000,300,0.842903,42.145154,0.000000,0.004124,increase_kp
120,42,0.742487,0.243433,0.171346,37.967837,0.100000,300,0.000000,0.150742,11.700000,0.001047,7.311226,29.900000,300,0.759357,37.967837,0.198513,0.001379,no_change
121,42,0.518419,0.002064,0.070352,37.604254,0.100000,300,0.000000,0.000000,11.800000,0.185248,7.275467,29.900000,300,0.752085,37.604254,0.000000,0.246313,no_change
122,42,1.038793,0.333701,0.083804,37.425470,0.100000,300,0.000000,0.021644,11.400000,0.000228,7.075238,29.900000,300,0.748509,37.425470,0.028916,0.000305,no_change
123,42,0.700746,0.211138,0.044108,21.582649,0.100000,300,0.000000,0.109108,6.500000,0.000210,2.328868,29.900000,300,0.500000,21.582649,0.218216,0.000421,no_change
124,42,0.579420,0.010159,0.067226,35.374257,0.100000,300,0.000000,0.000000,11.000000,0.104873,6.391334,29.900000,300,0.707485,35.374257,0.000000,0.148234,no_change
125,42,0.544748,0.057766,0.093478,18.828834,0.100000,300,0.000000,0.096142,5.900000,0.013965,1.801842,29.900000,300,0.500000,18.828834,0.192284,0.027931,no_change
126,42,0.784483,0.009438,0.078804,31.931759,0.100000,300,0.000000,0.000000,9.700000,0.072609,5.174736,29.900000,300,0.638635,31.931759,0.000000,0.113695,no_change
127,42,0.129812,0.224962,0.027140,28.850953,0.100000,300,0.000000,2.330476,21.100000,0.044525,4.830742,29.900000,300,0.577019,28.850953,4.038820,0.077164,reduce_kp
128,42,0.155313,0.132686,0.042332,24.805374,0.100000,300,0.000000,2.278187,22.800000,0.009122,3.832875,29.900000,300,0.500000,24.805374,4.556373,0.018244,reduce_kp
129,42,0.937353,0.132694,0.150402,39.957729,0.100000,300,0.000000,0.000000,12.300000,0.001815,8.096505,29.900000,300,0.799155,39.957729,0.000000,0.002271,increase_kp
130,42,0.377499,0.028667,0.003877,31.182571,0.100000,300,0.000000,0.000000,9.900000,0.009486,4.914806,29.900000,300,0.623651,31.182571,0.000000,0.015210,no_change
131,42,1.199899,0.122486,0.130029,38.436991,0.100000,300,0.000000,0.000000,11.700000,0.009876,7.482151,29.900000,300,0.768740,38.436991,0.000000,0.012847,no_change
132,42,0.816930,0.263982,0.189922,20.980820,0.100000,300,0.000000,0.193731,6.400000,0.000144,2.214614,29.900000,300,0.500000,20.980820,0.387461,0.000289,no_change
133,42,0.122418,0.053334,0.025244,35.083765,0.100000,300,0.000000,2.356104,19.900000,0.177263,6.748686,29.900000,300,0.701675,35.083765,3.357827,0.252628,reduce_kp
134,42,0.720367,0.076288,0.139893,38.006943,0.100000,300,0.000000,0.000000,11.700000,0.002649,7.316764,29.900000,300,0.760139,38.006943,0.000000,0.003485,no_change
135,42,0.284568,0.212537,0.149585,18.435986,0.100000,300,0.000000,1.528516,-1.0,1.516411,2.881995,29.900000,300,0.500000,18.435986,3.057031,3.032821,reduce_kp
136,42,1.001231,0.337652,0.021620,15.770353,0.100000,300,0.000000,0.053270,4.600000,0.000028,1.230279,29.900000,300,0.500000,15.770353,0.106541,0.000056,no_change
137,42,0.443153,0.237072,0.191635,26.899633,0.100000,300,0.000000,0.700914,11.700000,0.000424,3.711849,29.900000,300,0.537993,26.899633,1.302832,0.000788,reduce_ki
138,42,0.886516,0.026599,0.138123,33.817272,0.100000,300,0.000000,0.000000,10.300000,0.045743,5.793767,29.900000,300,0.676345,33.817272,0.000000,0.067633,no_change
139,42,0.212091,0.270368,0.170059,33.012348,0.100000,300,0.000000,2.088997,18.800000,0.007688,5.935609,29.900000,300,0.660247,33.012348,3.163963,0.011644,reduce_kp
140,42,0.233161,0.344346,0.156527,25.416113,0.100000,300,0.000000,1.883009,-1.0,1.690146,4.468762,29.900000,300,0.508322,25.416113,3.704361,3.324950,reduce_kp
141,42,0.571216,0.129700,0.101192,25.236935,0.100000,300,0.000000,0.173331,7.800000,0.002496,3.215515,29.900000,300,0.504739,25.236935,0.343408,0.004945,no_change
142,42,1.034533,0.287816,0.021108,43.823627,0.100000,300,0.000000,0.000000,13.500000,0.001160,9.780609,29.900000,300,0.876473,43.823627,0.000000,0.001324,increase_kp
143,42,0.799144,0.290048,0.141462,28.064614,0.100000,300,0.000000,0.145658,8.500000,0.000114,3.957254,29.900000,300,0.561292,28.064614,0.259505,0.000204,no_change
144,42,0.907175,0.337916,0.054016,39.245977,0.100000,300,0.000000,0.024819,12.000000,0.000144,7.797788,29.900000,300,0.784920,39.245977,0.031620,0.000184,increase_kp
145,42,0.691990,0.169224,0.087115,36.930786,0.100000,300,0.000000,0.066320,11.300000,0.002200,6.900104,29.900000,300,0.738616,36.930786,0.089789,0.002979,no_change
146,42,0.395235,0.298100,0.166146,17.599887,0.100000,300,0.000000,0.935287,-1.0,0.865182,2.233144,29.900000,300,0.500000,17.599887,1.870575,1.730364,increase_ki
147,42,1.069794,0.085352,0.092942,33.309951,0.100000,300,0.000000,0.000000,10.100000,0.010663,5.590082,29.900000,300,0.666199,33.309951,0.000000,0.016006,no_change
148,42,0.516888,0.010045,0.170191,20.455196,0.100000,300,0.000000,0.000000,6.900000,0.004288,2.117345,29.900000,300,0.500000,20.455196,0.000000,0.008576,no_change
149,42,0.333332,0.279241,0.068068,41.409599,0.100000,300,0.000000,0.808405,12.800000,0.000860,8.780953,29.900000,300,0.828192,41.409599,0.976108,0.001039,reduce_ki
150,42,0.871302,0.096694,0.002030,43.441877,0.100000,300,0.000000,0.000000,13.300000,0.029442,9.633397,29.900000,300,0.868838,43.441877,0.000000,0.033887,increase_kp
151,42,0.194174,0.252026,0.097716,37.744940,0.100000,300,0.000000,1.903729,17.300000,0.024554,7.500993,29.900000,300,0.754899,37.744940,2.521834,0.032527,reduce_kp
152,42,0.859670,0.226066,0.098164,38.787986,0.100000,300,0.000000,0.019876,11.900000,0.000659,7.616573,29.900000,300,0.775760,38.787986,0.025621,0.000849,no_change
153,42,0.202359,0.077559,0.138357,24.186181,0.100000,300,0.000000,1.727716,19.600000,0.061040,3.436887,29.900000,300,0.500000,24.186181,3.455432,0.122079,reduce_kp
154,42,0.739711,0.165641,0.106184,27.765114,0.100000,300,0.000000,0.081622,8.500000,0.001708,3.871514,29.900000,300,0.555302,27.765114,0.146986,0.003076,no_change
155,42,0.920529,0.115777,0.140571,23.127493,0.100000,300,0.000000,0.035290,7.000000,0.003876,2.673598,29.900000,300,0.500000,23.127493,0.070581,0.007751,no_change
156,42,0.376544,0.042230,0.038517,18.586642,0.100000,300,0.000000,0.142561,6.100000,0.018926,1.781168,29.900000,300,0.500000,18.586642,0.285122,0.037853,no_change
157,42,0.689450,0.266766,0.037030,21.491539,0.100000,300,0.000000,0.127673,6.500000,0.000023,2.307701,29.900000,300,0.500000,21.491539,0.255346,0.000047,no_change
158,42,0.632618,0.253605,0.195321,30.739106,0.100000,300,0.000000,0.319583,9.500000,0.000047,4.782244,29.900000,300,0.614782,30.739106,0.519832,0.000076,reduce_ki
159,42,0.411299,0.035184,0.038824,21.824495,0.100000,300,0.000000,0.077475,7.000000,0.019438,2.416605,29.900000,300,0.500000,21.824495,0.154950,0.038875,no_change
160,42,0.297386,0.004952,0.106827,23.229340,0.100000,300,0.000000,0.000000,8.700000,0.023782,2.797997,29.900000,300,0.500000,23.229340,0.000000,0.047565,no_change
161,42,1.171724,0.193676,0.139483,18.788385,0.100000,300,0.000000,0.031499,5.600000,0.001203,1.754331,29.900000,300,0.500000,18.788385,0.062998,0.002406,no_change
162,42,1.055307,0.171808,0.174544,32.221927,0.100000,300,0.000000,0.023748,9.800000,0.002161,5.220440,29.900000,300,0.644439,32.221927,0.036851,0.003353,no_change
163,42,0.616337,0.154164,0.036873,16.541302,0.100000,300,0.000000,0.125968,5.000000,0.000509,1.374943,29.900000,300,0.500000,16.541302,0.251935,0.001018,no_change
164,42,1.135170,0.167205,0.164423,27.021223,0.100000,300,0.000000,0.020646,8.100000,0.001806,3.651767,29.900000,300,0.540424,27.021223,0.038203,0.003342,no_change
165,42,0.181490,0.220306,0.010722,19.475928,0.100000,300,0.000000,1.739452,-1.0,1.577462,3.133159,29.900000,300,0.500000,19.475928,3.478904,3.154923,reduce_kp
166,42,0.719124,0.106342,0.198784,18.553547,0.100000,300,0.000000,0.124716,5.800000,0.007212,1.748952,29.900000,300,0.500000,18.553547,0.249432,0.014425,no_change
167,42,0.940888,0.212211,0.158148,21.770614,0.100000,300,0.000000,0.080203,6.600000,0.000996,2.370598,29.900000,300,0.500000,21.770614,0.160406,0.001992,no_change
168,42,0.674830,0.157680,0.088544,40.805000,0.100000,300,0.000000,0.041648,12.600000,0.002555,8.458298,29.900000,300,0.816100,40.805000,0.051032,0.003131,increase_kp
169,42,1.189034,0.106883,0.124205,33.288927,0.100000,300,0.000000,0.000000,10.000000,0.006455,5.578266,29.900000,300,0.665779,33.288927,0.000000,0.009696,no_change
170,42,0.914098,0.331657,0.041558,21.330756,0.100000,300,0.000000,0.058008,6.300000,0.000030,2.263328,29.900000,300,0.500000,21.330756,0.116016,0.000061,no_change
171,42,0.826471,0.054970,0.034763,17.251946,0.100000,300,0.000000,0.001593,5.100000,0.000473,1.472788,29.900000,300,0.500000,17.251946,0.003186,0.000945,no_change
172,42,0.102943,0.157676,0.118762,23.737779,0.100000,300,0.000000,3.460002,-1.0,2.367367,4.982742,29.900000,300,0.500000,23.737779,6.920004,4.734734,reduce_kp
173,42,0.354624,0.247435,0.140598,28.620940,0.100000,300,0.000000,0.971263,13.100000,0.000696,4.238108,29.900000,300,0.572419,28.620940,1.696770,0.001215,reduce_ki
174,42,0.856123,0.323369,0.157566,33.751740,0.100000,300,0.000000,0.140427,10.300000,0.000196,5.746997,29.900000,300,0.675035,33.751740,0.208030,0.000291,no_change
175,42,0.827301,0.326784,0.085028,31.336871,0.100000,300,0.000000,0.103557,9.500000,0.000082,4.936584,29.900000,300,0.626737,31.336871,0.165232,0.000132,no_change
176,42,0.812398,0.317944,0.165326,17.142295,0.100000,300,0.000000,0.193005,5.200000,0.000008,1.477431,29.900000,300,0.500000,17.142295,0.386010,0.000016,no_change
177,42,0.282515,0.107664,0.149792,32.076211,0.100000,300,0.000000,1.029537,15.300000,0.008137,5.359094,29.900000,300,0.641524,32.076211,1.604829,0.012684,reduce_ki
178,42,0.417472,0.043524,0.137736,35.992011,0.100000,300,0.000000,0.092166,11.600000,0.031523,6.601988,29.900000,300,0.719840,35.992011,0.128036,0.043791,no_change
179,42,1.136944,0.175165,0.098759,17.413256,0.100000,300,0.000000,0.024076,5.100000,0.001077,1.503456,29.900000,300,0.500000,17.413256,0.048152,0.002154,no_change
180,42,0.143847,0.151210,0.064464,22.511037,0.100000,300,0.000000,2.530964,-1.0,0.899196,3.785160,29.900000,300,0.500000,22.511037,5.061928,1.798392,reduce_kp
181,42,0.200460,0.336669,0.167192,32.255973,0.100000,300,0.000000,2.088532,19.600000,0.006829,5.743780,29.900000,300,0.645119,32.255973,3.237435,0.010586,reduce_kp
182,42,1.145865,0.349850,0.134456,23.085331,0.100000,300,0.000000,0.063119,6.900000,0.000156,2.657292,29.900000,300,0.500000,23.085331,0.126239,0.000312,no_change
183,42,0.144255,0.264694,0.094100,34.545285,0.100000,300,0.000000,2.331794,19.300000,0.011722,6.528753,29.900000,300,0.690906,34.545285,3.374982,0.016966,reduce_kp
184,42,1.107680,0.063521,0.117066,34.043542,0.100000,300,0.000000,0.000000,10.300000,0.021509,5.851859,29.900000,300,0.680871,34.043542,0.000000,0.031590,no_change
185,42,0.640898,0.031935,0.069592,24.999252,0.100000,300,0.000000,0.000000,7.700000,0.008766,3.134393,29.900000,300,0.500000,24.999252,0.000000,0.017531,no_change
186,42,0.837147,0.300207,0.065961,35.810210,0.100000,300,0.000000,0.055268,10.900000,0.000216,6.470612,29.900000,300,0.716204,35.810210,0.077168,0.000302,no_change
187,42,0.417040,0.330818,0.162713,31.502898,0.100000,300,0.000000,0.818144,12.500000,0.000384,5.072642,29.900000,300,0.630058,31.502898,1.298521,0.000610,reduce_ki
188,42,0.600308,0.110081,0.064655,44.105542,0.100000,300,0.000000,0.000000,13.700000,0.001094,9.922888,29.900000,300,0.882111,44.105542,0.000000,0.001240,increase_kp
189,42,0.544593,0.180109,0.197624,34.729812,0.100000,300,0.000000,0.323940,10.800000,0.000111,6.134506,29.900000,300,0.694596,34.729812,0.466372,0.000160,reduce_ki
190,42,0.696853,0.144637,0.037517,25.853381,0.100000,300,0.000000,0.061534,7.800000,0.001521,3.346623,29.900000,300,0.517068,25.853381,0.119006,0.002941,no_change
191,42,0.932087,0.218893,0.151998,21.106747,0.100000,300,0.000000,0.083254,6.400000,0.000791,2.227557,29.900000,300,0.500000,21.106747,0.166507,0.001582,no_change
192,42,0.704142,0.324685,0.087623,35.947501,0.100000,300,0.000000,0.162028,11.000000,0.000029,6.531905,29.900000,300,0.718950,35.947501,0.225368,0.000041,no_change
193,42,0.233569,0.340601,0.121774,22.178924,0.100000,300,0.000000,1.814903,-1.0,1.814903,3.822017,29.900000,300,0.500000,22.178924,3.629806,3.629806,reduce_kp
194,42,0.274216,0.192794,0.110450,17.796276,0.100000,300,0.000000,1.359721,27.400000,0.521164,2.329107,29.900000,300,0.500000,17.796276,2.719442,1.042328,no_change
195,42,1.191483,0.319525,0.092290,18.523984,0.100000,300,0.000000,0.051817,5.400000,0.000192,1.703239,29.900000,300,0.500000,18.523984,0.103634,0.000383,no_change
196,42,1.015357,0.174431,0.143321,30.266160,0.100000,300,0.000000,0.024296,9.200000,0.001673,4.596459,29.900000,300,0.605323,30.266160,0.040137,0.002765,no_change
197,42,0.400767,0.292153,0.196049,22.311927,0.100000,300,0.000000,1.051089,15.500000,0.001281,2.739175,29.900000,300,0.500000,22.311927,2.102178,0.002563,reduce_ki
198,42,0.706392,0.134255,0.184374,30.247227,0.100000,300,0.000000,0.127925,9.400000,0.006286,4.621131,29.900000,300,0.604945,30.247227,0.211466,0.010391,no_change
199,42,1.067259,0.302409,0.055249,38.700185,0.100000,300,0.000000,0.000000,11.800000,0.000233,7.575852,29.900000,300,0.774004,38.700185,0.000000,0.000301,no_change
200,42,0.556437,0.326987,0.101548,39.616484,0.100000,300,0.000000,0.297901,12.200000,0.000026,7.977962,29.900000,300,0.792330,39.616484,0.375982,0.000033,increase_kp
201,42,0.411123,0.104495,0.117388,44.967070,0.100000,300,0.000000,0.225706,14.300000,0.015722,10.377963,29.900000,300,0.899341,44.967070,0.250968,0.017481,increase_kp
202,42,0.638604,0.052008,0.107716,25.353718,0.100000,300,0.000000,0.026783,7.900000,0.007767,3.226466,29.900000,300,0.507074,25.353718,0.052819,0.015317,no_change
203,42,0.707109,0.190201,0.091069,24.653321,0.100000,300,0.000000,0.118680,7.500000,0.000665,3.049304,29.900000,300,0.500000,24.653321,0.237360,0.001330,no_change
204,42,0.307518,0.244124,0.114360,22.006873,0.100000,300,0.000000,1.152032,16.200000,0.000448,2.714779,29.900000,300,0.500000,22.006873,2.304063,0.000895,reduce_ki
205,42,0.953099,0.015277,0.148941,36.156836,0.100000,300,0.000000,0.000000,11.000000,0.071900,6.646270,29.900000,300,0.723137,36.156836,0.000000,0.099428,no_change
206,42,0.992550,0.135128,0.132738,39.622427,0.100000,300,0.000000,0.000000,12.100000,0.005661,7.961883,29.900000,300,0.792449,39.622427,0.000000,0.007144,increase_kp
207,42,1.178900,0.173365,0.007404,30.068735,0.100000,300,0.000000,0.000000,9.000000,0.002093,4.530737,29.900000,300,0.601375,30.068735,0.000000,0.003481,no_change
208,42,0.749198,0.304395,0.174838,28.209186,0.100000,300,0.000000,0.202471,8.600000,0.000018,4.006040,29.900000,300,0.564184,28.209186,0.358875,0.000033,no_change
209,42,0.678546,0.159925,0.144489,27.299359,0.100000,300,0.000000,0.153555,8.400000,0.002244,3.756990,29.900000,300,0.545987,27.299359,0.281242,0.004110,no_change
210,42,0.820259,0.054026,0.093898,44.076109,0.100000,300,0.000000,0.000000,13.600000,0.053865,9.940010,29.900000,300,0.881522,44.076109,0.000000,0.061105,increase_kp
211,42,0.472417,0.242447,0.129967,40.552959,0.100000,300,0.000000,0.427997,12.600000,0.000236,8.391283,29.900000,300,0.811059,40.552959,0.527701,0.000291,reduce_ki
212,42,1.037575,0.300770,0.076002,24.499835,0.100000,300,0.000000,0.058359,7.300000,0.000233,2.994982,29.900000,300,0.500000,24.499835,0.116718,0.000465,no_change
213,42,0.890589,0.265791,0.174477,16.076973,0.100000,300,0.000000,0.142819,4.900000,0.000149,1.299096,29.900000,300,0.500000,16.076973,0.285638,0.000299,no_change
214,42,0.175263,0.220906,0.184186,44.922778,0.100000,300,0.000000,2.395323,19.700000,0.015511,10.693738,29.900000,300,0.898456,44.922778,2.666045,0.017264,reduce_kp
215,42,0.921443,0.151890,0.019689,34.012435,0.100000,300,0.000000,0.000000,10.300000,0.002305,5.824857,29.900000,300,0.680249,34.012435,0.000000,0.003388,no_change
216,42,1.059837,0.155287,0.138800,42.102722,0.100000,300,0.000000,0.000000,12.900000,0.005065,9.014168,29.900000,300,0.842054,42.102722,0.000000,0.006015,increase_kp
217,42,0.150590,0.278650,0.058674,26.245233,0.100000,300,0.000000,2.190528,29.400000,0.856308,4.590627,29.900000,300,0.524905,26.245233,4.173193,1.631360,reduce_kp
218,42,0.260127,0.185908,0.113186,38.775584,0.100000,300,0.000000,1.295155,16.000000,0.014383,7.782991,29.900000,300,0.775512,38.775584,1.670066,0.018546,reduce_ki
219,42,0.286982,0.027639,0.174168,33.591311,0.100000,300,0.000000,0.332211,11.500000,0.134768,5.885453,29.900000,300,0.671826,33.591311,0.494489,0.200600,reduce_ki
220,42,0.364913,0.319490,0.028624,28.834497,0.100000,300,0.000000,0.649552,10.800000,0.000017,4.221642,29.900000,300,0.576690,28.834497,1.126346,0.000030,reduce_ki
221,42,0.379375,0.089364,0.001879,39.138992,0.100000,300,0.000000,0.100236,12.200000,0.005065,7.787646,29.900000,300,0.782780,39.138992,0.128052,0.006470,increase_kp
222,42,1.091330,0.237164,0.031595,28.251894,0.100000,300,0.000000,0.000658,8.400000,0.000020,3.987744,29.900000,300,0.565038,28.251894,0.001165,0.000035,no_change
223,42,0.480122,0.205650,0.127788,27.729268,0.100000,300,0.000000,0.446451,8.600000,0.000000,3.902916,29.900000,300,0.554585,27.729268,0.805018,0.000001,reduce_ki
224,42,0.375108,0.295856,0.039843,26.540797,0.100000,300,0.000000,0.607540,10.300000,0.000033,3.581119,29.900000,300,0.530816,26.540797,1.144540,0.000061,reduce_ki
225,42,0.631529,0.083022,0.114385,32.244358,0.100000,300,0.000000,0.039768,10.000000,0.006613,5.243474,29.900000,300,0.644887,32.244358,0.061666,0.010255,no_change
226,42,1.191961,0.103331,0.195589,34.746894,0.100000,300,0.000000,0.000000,10.500000,0.007746,6.090563,29.900000,300,0.694938,34.746894,0.000000,0.011147,no_change
227,42,0.401928,0.198075,0.137160,37.340065,0.100000,300,0.000000,0.625983,11.600000,0.000225,7.124763,29.900000,300,0.746801,37.340065,0.838219,0.000302,reduce_ki
228,42,0.153949,0.212242,0.099345,42.124659,0.100000,300,0.000000,2.242088,18.800000,0.043875,9.387902,29.900000,300,0.842493,42.124659,2.661253,0.052078,reduce_kp
229,42,0.414814,0.279601,0.121413,25.569629,0.100000,300,0.000000,0.676257,11.000000,0.000068,3.349126,29.900000,300,0.511393,25.569629,1.322383,0.000133,reduce_ki
230,42,0.800280,0.217312,0.135553,36.627851,0.100000,300,0.000000,0.065216,11.200000,0.001343,6.784064,29.900000,300,0.732557,36.627851,0.089025,0.001833,no_change
231,42,0.825100,0.293418,0.125650,42.102111,0.100000,300,0.000000,0.084727,13.000000,0.000802,9.016713,29.900000,300,0.842042,42.102111,0.100621,0.000952,increase_kp
232,42,0.810975,0.108127,0.088165,32.387214,0.100000,300,0.000000,0.004339,9.800000,0.000715,5.272628,29.900000,300,0.647744,32.387214,0.006699,0.001104,no_change
233,42,0.905596,0.031547,0.059022,37.424426,0.100000,300,0.000000,0.000000,11.400000,0.059399,7.119086,29.900000,300,0.748489,37.424426,0.000000,0.079359,no_change
234,42,0.293204,0.046256,0.107882,44.144687,0.100000,300,0.000000,0.249865,14.500000,0.078117,10.053775,29.900000,300,0.882894,44.144687,0.283007,0.088479,increase_kp
235,42,0.683938,0.319720,0.166095,22.709103,0.100000,300,0.000000,0.289528,7.000000,0.000000,2.597823,29.900000,300,0.500000,22.709103,0.579055,0.000001,no_change
236,42,1.007159,0.168647,0.161298,37.396781,0.100000,300,0.000000,0.006054,11.400000,0.000784,7.067698,29.900000,300,0.747936,37.396781,0.008094,0.001048,no_change
237,42,0.472587,0.040309,0.192579,19.222710,0.100000,300,0.000000,0.174892,6.500000,0.042839,1.936273,29.900000,300,0.500000,19.222710,0.349783,0.085679,no_change
238,42,1.163150,0.301049,0.144843,44.398267,0.100000,300,0.000000,0.000000,13.700000,0.000433,10.046203,29.900000,300,0.887965,44.398267,0.000000,0.000488,increase_kp
239,42,1.163997,0.281606,0.073155,38.720459,0.100000,300,0.000000,0.000000,11.800000,0.000588,7.584664,29.900000,300,0.774409,38.720459,0.000000,0.000759,no_change
240,42,0.115311,0.187800,0.090957,35.184851,0.100000,300,0.000000,2.806321,20.900000,0.091225,6.929487,29.900000,300,0.703697,35.184851,3.987968,0.129636,reduce_kp
241,42,0.839575,0.204596,0.164483,43.208757,0.100000,300,0.000000,0.036173,13.400000,0.002480,9.510352,29.900000,300,0.864175,43.208757,0.041858,0.002870,increase_kp
242,42,0.219181,0.081838,0.005005,41.527045,0.100000,300,0.000000,0.655365,13.200000,0.014105,8.882763,29.900000,300,0.830541,41.527045,0.789082,0.016982,reduce_ki
243,42,0.717548,0.320340,0.044273,16.896511,0.100000,300,0.000000,0.150842,5.000000,0.000002,1.425059,29.900000,300,0.500000,16.896511,0.301683,0.000004,no_change
244,42,1.006241,0.318286,0.060438,27.248876,0.100000,300,0.000000,0.046813,8.200000,0.000148,3.711860,29.900000,300,0.544978,27.248876,0.085899,0.000271,no_change
245,42,0.253755,0.331192,0.060873,29.778739,0.100000,300,0.000000,1.361934,15.200000,0.000552,4.675084,29.900000,300,0.595575,29.778739,2.286755,0.000926,reduce_ki
246,42,0.206911,0.310541,0.027133,28.609313,0.100000,300,0.000000,1.566605,16.500000,0.004400,4.413136,29.900000,300,0.572186,28.609313,2.737929,0.007690,reduce_kp
247,42,0.837535,0.260099,0.189195,27.573803,0.100000,300,0.000000,0.151693,8.400000,0.000409,3.823899,29.900000,300,0.551476,27.573803,0.275067,0.000741,no_change
248,42,0.916496,0.054083,0.082977,17.970649,0.100000,300,0.000000,0.002155,5.400000,0.000753,1.600437,29.900000,300,0.500000,17.970649,0.004311,0.001506,no_change
249,42,0.638282,0.142841,0.190304,15.981489,0.100000,300,0.000000,0.239587,5.000000,0.001563,1.318372,29.900000,300,0.500000,15.981489,0.479174,0.003127,no_change
250,42,0.507583,0.155184,0.190111,40.663506,0.100000,300,0.000000,0.304491,12.800000,0.002624,8.449988,29.900000,300,0.813270,40.663506,0.374404,0.003226,reduce_ki
251,42,0.209290,0.239988,0.108893,44.335276,0.100000,300,0.000000,1.726825,17.900000,0.036487,10.244394,29.900000,300,0.886706,44.335276,1.947462,0.041149,reduce_kp
252,42,0.494541,0.139349,0.037962,18.664792,0.100000,300,0.000000,0.212764,5.700000,0.000347,1.763644,29.900000,300,0.500000,18.664792,0.425529,0.000694,no_change
253,42,1.032837,0.159151,0.132554,34.251134,0.100000,300,0.000000,0.001187,10.400000,0.000165,5.905432,29.900000,300,0.685023,34.251134,0.001733,0.000240,no_change
254,42,0.756861,0.007475,0.157359,22.307067,0.100000,300,0.000000,0.000000,7.000000,0.030780,2.510951,29.900000,300,0.500000,22.307067,0.000000,0.061560,no_change
255,42,0.238516,0.197602,0.013722,37.954721,0.100000,300,0.000000,1.105491,14.800000,0.001503,7.402202,29.900000,300,0.759094,37.954721,1.456328,0.001981,reduce_ki
256,42,0.327873,0.075583,0.173939,24.856787,0.100000,300,0.000000,0.653685,13.600000,0.000188,3.257923,29.900000,300,0.500000,24.856787,1.307371,0.000375,reduce_ki
257,42,0.262310,0.315186,0.000567,40.752184,0.100000,300,0.000000,0.987251,14.700000,0.001452,8.507525,29.900000,300,0.815044,40.752184,1.211286,0.001781,reduce_ki
258,42,0.259157,0.045497,0.050131,20.234914,0.100000,300,0.000000,0.501568,10.500000,0.013955,2.200297,29.900000,300,0.500000,20.234914,1.003135,0.027909,reduce_ki
259,42,0.827163,0.009023,0.002972,38.699540,0.100000,300,0.000000,0.000000,11.800000,0.111212,7.644459,29.900000,300,0.773991,38.699540,0.000000,0.143687,no_change
260,42,0.361725,0.113320,0.034849,16.571971,0.100000,300,0.000000,0.419084,5.200000,0.000003,1.438554,29.900000,300,0.500000,16.571971,0.838169,0.000007,reduce_ki
261,42,0.915890,0.184130,0.149133,29.287379,0.100000,300,0.000000,0.061230,8.900000,0.002259,4.307552,29.900000,300,0.585748,29.287379,0.104533,0.003857,no_change
262,42,0.955819,0.179633,0.021811,30.115161,0.100000,300,0.000000,0.000786,9.000000,0.000045,4.541110,29.900000,300,0.602303,30.115161,0.001305,0.000074,no_change
263,42,1.139957,0.015178,0.156645,41.009427,0.100000,300,0.000000,0.000000,12.600000,0.086514,8.584766,29.900000,300,0.820189,41.009427,0.000000,0.105480,increase_kp
264,42,0.673596,0.160315,0.192805,16.824762,0.100000,300,0.000000,0.226186,5.300000,0.001087,1.449537,29.900000,300,0.500000,16.824762,0.452373,0.002173,no_change
265,42,0.626880,0.140566,0.137219,29.708066,0.100000,300,0.000000,0.130698,9.200000,0.003131,4.454514,29.900000,300,0.594161,29.708066,0.219970,0.005270,no_change
266,42,1.100671,0.025722,0.016158,33.248923,0.100000,300,0.000000,0.000000,10.000000,0.047230,5.589477,29.900000,300,0.664978,33.248923,0.000000,0.071025,no_change
267,42,0.172250,0.096256,0.126615,31.450693,0.100000,300,0.000000,2.327192,19.800000,0.117778,5.532675,29.900000,300,0.629014,31.450693,3.699747,0.187243,reduce_kp
268,42,0.457704,0.348120,0.106111,28.611463,0.100000,300,0.000000,0.553687,8.800000,0.000040,4.149706,29.900000,300,0.572229,28.611463,0.967597,0.000069,reduce_ki
269,42,0.765969,0.034712,0.140356,40.583782,0.100000,300,0.000000,0.000000,12.500000,0.058395,8.403921,29.900000,300,0.811676,40.583782,0.000000,0.071944,increase_kp
270,42,0.816008,0.269137,0.144168,21.450692,0.100000,300,0.000000,0.160651,6.500000,0.000125,2.307716,29.900000,300,0.500000,21.450692,0.321302,0.000250,no_change
271,42,0.596710,0.079973,0.067786,28.604967,0.100000,300,0.000000,0.035973,8.800000,0.004712,4.112059,29.900000,300,0.572099,28.604967,0.062878,0.008237,no_change
272,42,0.557589,0.033280,0.085353,34.953236,0.100000,300,0.000000,0.000000,10.900000,0.025964,6.195633,29.900000,300,0.699065,34.953236,0.000000,0.037142,no_change
273,42,0.511731,0.053424,0.184597,17.013999,0.100000,300,0.000000,0.189404,5.600000,0.028037,1.524289,29.900000,300,0.500000,17.013999,0.378808,0.056073,no_change
274,42,1.014949,0.032631,0.019313,37.163880,0.100000,300,0.000000,0.000000,11.300000,0.057404,7.013627,29.900000,300,0.743278,37.163880,0.000000,0.077232,no_change
275,42,0.992946,0.194730,0.117293,31.847592,0.100000,300,0.000000,0.025461,9.600000,0.001262,5.095868,29.900000,300,0.636952,31.847592,0.039973,0.001981,no_change
276,42,0.462611,0.042781,0.070720,34.960216,0.100000,300,0.000000,0.002213,11.000000,0.000980,6.182490,29.900000,300,0.699204,34.960216,0.003166,0.001401,no_change
277,42,0.925313,0.303832,0.144212,44.051959,0.100000,300,0.000000,0.058062,13.600000,0.001197,9.892095,29.900000,300,0.881039,44.051959,0.065902,0.001359,increase_kp
278,42,0.760451,0.123076,0.115584,21.382164,0.100000,300,0.000000,0.072696,6.500000,0.003537,2.292205,29.900000,300,0.500000,21.382164,0.145392,0.007074,no_change
279,42,0.822410,0.078486,0.021644,40.361203,0.100000,300,0.000000,0.000000,12.300000,0.024920,8.283860,29.900000,300,0.807224,40.361203,0.000000,0.030872,increase_kp
280,42,0.504317,0.266912,0.114820,39.216641,0.100000,300,0.000000,0.390351,12.100000,0.000007,7.827987,29.900000,300,0.784333,39.216641,0.497685,0.000010,reduce_ki
281,42,1.029671,0.341091,0.163685,33.407198,0.100000,300,0.000000,0.077260,10.100000,0.000353,5.620658,29.900000,300,0.668144,33.407198,0.115634,0.000528,no_change
282,42,0.806969,0.009189,0.185817,39.883824,0.100000,300,0.000000,0.000000,12.400000,0.114657,8.139824,29.900000,300,0.797676,39.883824,0.000000,0.143739,increase_kp
283,42,0.394192,0.063146,0.140540,24.269541,0.100000,300,0.000000,0.314292,8.000000,0.019468,3.048832,29.900000,300,0.500000,24.269541,0.628585,0.038936,reduce_ki
284,42,0.473807,0.002137,0.173973,31.989633,0.100000,300,0.000000,0.000000,10.600000,0.136442,5.274489,29.900000,300,0.639793,31.989633,0.000000,0.213260,no_change
285,42,0.540863,0.049656,0.126634,15.919713,0.100000,300,0.000000,0.103060,5.200000,0.018724,1.308677,29.900000,300,0.500000,15.919713,0.206121,0.037448,no_change
286,42,0.920723,0.075297,0.083966,25.226879,0.100000,300,0.000000,0.000000,7.600000,0.001227,3.175710,29.900000,300,0.504538,25.226879,0.000000,0.002431,no_change
287,42,0.507058,0.252559,0.155367,32.027807,0.100000,300,0.000000,0.463702,9.900000,0.000108,5.206651,29.900000,300,0.640556,32.027807,0.723906,0.000169,reduce_ki
288,42,0.193453,0.018413,0.031482,33.535145,0.100000,300,0.000000,0.276722,11.700000,0.119886,5.858956,29.900000,300,0.670703,33.535145,0.412585,0.178747,no_change
289,42,0.841366,0.095236,0.132388,29.569851,0.100000,300,0.000000,0.011587,9.000000,0.002245,4.386987,29.900000,300,0.591397,29.569851,0.019592,0.003796,no_change
290,42,0.586249,0.095608,0.150989,18.414525,0.100000,300,0.000000,0.160172,5.800000,0.006485,1.732989,29.900000,300,0.500000,18.414525,0.320345,0.012969,no_change
291,42,0.572905,0.099136,0.135697,29.598983,0.100000,300,0.000000,0.141950,9.200000,0.009349,4.433111,29.900000,300,0.591980,29.598983,0.239788,0.015792,no_change
292,42,0.833846,0.015896,0.079053,32.979749,0.100000,300,0.000000,0.000000,10.000000,0.061395,5.514355,29.900000,300,0.659595,32.979749,0.000000,0.093081,no_change
293,42,0.108456,0.105497,0.042247,19.117044,0.100000,300,0.000000,3.238955,-1.0,2.169961,3.909829,29.900000,300,0.500000,19.117044,6.477910,4.339921,reduce_kp
294,42,0.381071,0.114843,0.001546,37.410424,0.100000,300,0.000000,0.184190,11.600000,0.001721,7.107093,29.900000,300,0.748208,37.410424,0.246175,0.002300,no_change
295,42,0.293264,0.133073,0.140734,30.007870,0.100000,300,0.000000,1.009641,14.200000,0.002290,4.685962,29.900000,300,0.600157,30.007870,1.682293,0.003816,reduce_ki
296,42,1.016690,0.282170,0.014415,40.852931,0.100000,300,0.000000,0.000000,12.500000,0.000710,8.466041,29.900000,300,0.817059,40.852931,0.000000,0.000868,increase_kp
297,42,0.146532,0.006560,0.184232,40.863300,0.100000,300,0.000000,0.438270,16.500000,0.428693,9.016071,29.900000,300,0.817266,40.863300,0.536263,0.524546,no_change
298,42,0.733335,0.200690,0.141900,27.530819,0.100000,300,0.000000,0.127435,8.400000,0.000844,3.812161,29.900000,300,0.550616,27.530819,0.231440,0.001532,no_change
299,42,0.226691,0.007300,0.064954,39.039665,0.100000,300,0.000000,0.000000,13.900000,0.146120,7.944277,29.900000,300,0.780793,39.039665,0.000000,0.187143,increase_kp
300,42,0.779938,0.291209,0.183954,17.643896,0.100000,300,0.000000,0.218888,5.400000,0.000014,1.570294,29.900000,300,0.500000,17.643896,0.437775,0.000028,no_change
301,42,1.028933,0.085161,0.117774,30.718876,0.100000,300,0.000000,0.000000,9.300000,0.006863,4.741048,29.900000,300,0.614378,30.718876,0.000000,0.011171,no_change
302,42,0.535343,0.108596,0.067903,24.992059,0.100000,300,0.000000,0.125050,7.800000,0.003195,3.147672,29.900000,300,0.500000,24.992059,0.250100,0.006390,no_change
303,42,0.284946,0.178669,0.022805,30.298562,0.100000,300,0.000000,0.787786,12.400000,0.000213,4.695247,29.900000,300,0.605971,30.298562,1.300039,0.000351,reduce_ki
304,42,1.096515,0.122281,0.145476,39.568458,0.100000,300,0.000000,0.000000,12.100000,0.010075,7.942259,29.900000,300,0.791369,39.568458,0.000000,0.012731,increase_kp
305,42,0.996541,0.082694,0.029289,20.918154,0.100000,300,0.000000,0.000000,6.200000,0.001820,2.172898,29.900000,300,0.500000,20.918154,0.000000,0.003640,no_change
306,42,0.762639,0.266075,0.131102,20.314384,0.100000,300,0.000000,0.192884,6.100000,0.000065,2.072596,29.900000,300,0.500000,20.314384,0.385768,0.000130,no_change
307,42,0.950133,0.172941,0.150889,37.796314,0.100000,300,0.000000,0.014987,11.500000,0.001532,7.224734,29.900000,300,0.755926,37.796314,0.019826,0.002027,no_change
308,42,0.593796,0.323454,0.112898,34.058950,0.100000,300,0.000000,0.281093,10.400000,0.000006,5.865851,29.900000,300,0.681179,34.058950,0.412657,0.000009,no_change
309,42,0.786974,0.302486,0.125443,19.528722,0.100000,300,0.000000,0.187387,5.900000,0.000020,1.912427,29.900000,300,0.500000,19.528722,0.374773,0.000039,no_change
310,42,0.175115,0.154773,0.060564,23.240210,0.100000,300,0.000000,2.048645,23.300000,0.078748,3.443492,29.900000,300,0.500000,23.240210,4.097290,0.157496,reduce_kp
311,42,0.161789,0.177568,0.062082,28.557416,0.100000,300,0.000000,2.220555,20.100000,0.048712,4.670374,29.900000,300,0.571148,28.557416,3.887879,0.085289,reduce_kp
312,42,0.162579,0.291094,0.015346,40.927501,0.100000,300,0.000000,1.662605,16.700000,0.000419,8.711717,29.900000,300,0.818550,40.927501,2.031159,0.000512,reduce_kp
313,42,1.040823,0.215253,0.101414,28.881350,0.100000,300,0.000000,0.025127,8.700000,0.000816,4.177077,29.900000,300,0.577627,28.881350,0.043501,0.001412,no_change
314,42,0.709748,0.277136,0.179175,28.492011,0.100000,300,0.000000,0.240699,8.700000,0.000026,4.093392,29.900000,300,0.569840,28.492011,0.422397,0.000046,no_change
315,42,0.990798,0.228143,0.064305,29.268871,0.100000,300,0.000000,0.028779,8.800000,0.000608,4.290538,29.900000,300,0.585377,29.268871,0.049163,0.001038,no_change
316,42,0.265947,0.021656,0.020700,41.973805,0.100000,300,0.000000,0.000000,13.900000,0.030260,9.048527,29.900000,300,0.839476,41.973805,0.000000,0.036046,increase_kp
317,42,0.477782,0.250010,0.100910,20.176767,0.100000,300,0.000000,0.491054,6.200000,0.000014,2.088023,29.900000,300,0.500000,20.176767,0.982107,0.000028,reduce_ki
318,42,0.372518,0.153215,0.087884,30.682441,0.100000,300,0.000000,0.530855,9.600000,0.000131,4.799381,29.900000,300,0.613649,30.682441,0.865080,0.000214,reduce_ki
319,42,0.274621,0.130498,0.056579,27.263082,0.100000,300,0.000000,0.839938,12.800000,0.001480,3.847539,29.900000,300,0.545262,27.263082,1.540431,0.002715,reduce_ki
320,42,0.472204,0.209260,0.157845,34.419161,0.100000,300,0.000000,0.475349,10.700000,0.000171,6.030005,29.900000,300,0.688383,34.419161,0.690529,0.000248,reduce_ki
321,42,0.172503,0.033077,0.135676,23.524409,0.100000,300,0.000000,1.501679,20.400000,0.024195,3.312774,29.900000,300,0.500000,23.524409,3.003359,0.048390,reduce_kp
322,42,0.896107,0.229797,0.181269,41.198390,0.100000,300,0.000000,0.055947,12.700000,0.002424,8.625652,29.900000,300,0.823968,41.198390,0.067900,0.002942,increase_kp
323,42,0.466698,0.203959,0.028286,25.494624,0.100000,300,0.000000,0.285886,7.800000,0.000003,3.275187,29.900000,300,0.509892,25.494624,0.560679,0.000006,no_change
324,42,1.164466,0.244468,0.078392,32.851237,0.100000,300,0.000000,0.005009,9.900000,0.000217,5.420581,29.900000,300,0.657025,32.851237,0.007623,0.000330,no_change
325,42,1.131802,0.108354,0.075336,38.749859,0.100000,300,0.000000,0.000000,11.800000,0.016767,7.613303,29.900000,300,0.774997,38.749859,0.000000,0.021635,no_change
326,42,0.994503,0.234541,0.165792,37.163240,0.100000,300,0.000000,0.041105,11.300000,0.001630,6.982095,29.900000,300,0.743265,37.163240,0.055303,0.002193,no_change
327,42,0.853956,0.184238,0.129205,27.702191,0.100000,300,0.000000,0.071254,8.400000,0.001747,3.850523,29.900000,300,0.554044,27.702191,0.128607,0.003153,no_change
328,42,0.498011,0.126909,0.036053,21.425780,0.100000,300,0.000000,0.165200,6.600000,0.000838,2.314238,29.900000,300,0.500000,21.425780,0.330400,0.001676,no_change
329,42,1.142435,0.170195,0.045309,19.126961,0.100000,300,0.000000,0.016596,5.600000,0.000872,1.812872,29.900000,300,0.500000,19.126961,0.033192,0.001744,no_change
330,42,0.184882,0.295550,0.020228,38.126242,0.100000,300,0.000000,1.571980,15.900000,0.003730,7.548318,29.900000,300,0.762525,38.126242,2.061546,0.004892,reduce_kp
331,42,1.018632,0.309289,0.007549,25.102931,0.100000,300,0.000000,0.020538,7.500000,0.000070,3.139297,29.900000,300,0.502059,25.102931,0.040907,0.000139,no_change
332,42,0.942938,0.045867,0.075344,19.867416,0.100000,300,0.000000,0.000000,5.900000,0.003563,1.962232,29.900000,300,0.500000,19.867416,0.000000,0.007126,no_change
333,42,1.014480,0.269884,0.161809,19.966175,0.100000,300,0.000000,0.105516,6.000000,0.000428,1.992673,29.900000,300,0.500000,19.966175,0.211031,0.000856,no_change
334,42,0.581441,0.143801,0.135273,22.125906,0.100000,300,0.000000,0.225897,6.900000,0.001359,2.481960,29.900000,300,0.500000,22.125906,0.451795,0.002718,no_change
335,42,0.588619,0.099725,0.149707,28.467839,0.100000,300,0.000000,0.131429,8.900000,0.008761,4.098953,29.900000,300,0.569357,28.467839,0.230838,0.015387,no_change
336,42,0.687412,0.108314,0.161725,29.070468,0.100000,300,0.000000,0.083443,9.000000,0.007214,4.260815,29.900000,300,0.581409,29.070468,0.143519,0.012408,no_change
337,42,1.018625,0.128744,0.189426,44.533194,0.100000,300,0.000000,0.000000,13.800000,0.009830,10.123349,29.900000,300,0.890664,44.533194,0.000000,0.011036,increase_kp
338,42,0.607848,0.098620,0.076374,30.823794,0.100000,300,0.000000,0.049153,9.500000,0.004381,4.783963,29.900000,300,0.616476,30.823794,0.079733,0.007107,no_change
339,42,1.162895,0.285912,0.160252,19.151956,0.100000,300,0.000000,0.056644,5.700000,0.000370,1.825520,29.900000,300,0.500000,19.151956,0.113288,0.000740,no_change
340,42,0.375004,0.224413,0.174823,31.636222,0.100000,300,0.000000,0.933129,13.400000,0.001991,5.146837,29.900000,300,0.632724,31.636222,1.474779,0.003147,reduce_ki
341,42,0.212849,0.296062,0.170233,23.551890,0.100000,300,0.000000,2.153541,-1.0,2.153533,4.361150,29.900000,300,0.500000,23.551890,4.307082,4.307065,reduce_kp
342,42,0.939429,0.095477,0.181061,19.420460,0.100000,300,0.000000,0.044933,5.900000,0.006909,1.888697,29.900000,300,0.500000,19.420460,0.089867,0.013818,no_change
343,42,0.581220,0.331245,0.044408,28.533840,0.100000,300,0.000000,0.234599,8.700000,0.000000,4.092317,29.900000,300,0.570677,28.533840,0.411089,0.000000,no_change
344,42,0.484544,0.009335,0.010651,30.060213,0.100000,300,0.000000,0.000000,9.300000,0.082048,4.603991,29.900000,300,0.601204,30.060213,0.000000,0.136473,no_change
345,42,0.359356,0.348084,0.074983,15.845626,0.100000,300,0.000000,0.871689,-1.0,0.865277,1.951563,29.900000,300,0.500000,15.845626,1.743379,1.730553,increase_ki
346,42,1.123908,0.293712,0.129992,38.741419,0.100000,300,0.000000,0.018632,11.800000,0.000589,7.594227,29.900000,300,0.774828,38.741419,0.024046,0.000760,no_change
347,42,0.251360,0.100408,0.165952,35.882160,0.100000,300,0.000000,1.292717,17.000000,0.035719,6.745115,29.900000,300,0.717643,35.882160,1.801336,0.049773,reduce_ki
348,42,0.252672,0.246938,0.089720,15.157536,0.100000,300,0.000000,1.560378,-1.0,1.560378,2.419364,29.900000,300,0.500000,15.157536,3.120756,3.120755,reduce_kp
349,42,0.187148,0.089573,0.166993,31.464127,0.100000,300,0.000000,2.276133,19.800000,0.131288,5.536766,29.900000,300,0.629283,31.464127,3.617028,0.208631,reduce_kp
350,42,0.899958,0.184720,0.022237,23.643047,0.100000,300,0.000000,0.018495,7.100000,0.000417,2.783214,29.900000,300,0.500000,23.643047,0.036989,0.000834,no_change
351,42,0.431266,0.016712,0.083965,38.816973,0.100000,300,0.000000,0.000000,12.400000,0.092859,7.725706,29.900000,300,0.776339,38.816973,0.000000,0.119612,increase_kp
352,42,0.602825,0.038800,0.181029,32.902171,0.100000,300,0.000000,0.000000,10.400000,0.001661,5.468742,29.900000,300,0.658043,32.902171,0.000000,0.002524,no_change
353,42,0.118079,0.180382,0.048388,19.307305,0.100000,300,0.000000,2.727663,-1.0,2.620335,3.928200,29.900000,300,0.500000,19.307305,5.455325,5.240670,reduce_kp
354,42,0.572163,0.215183,0.048113,27.497028,0.100000,300,0.000000,0.195650,8.400000,0.000070,3.802866,29.900000,300,0.549941,27.497028,0.355765,0.000127,no_change
355,42,0.830808,0.029965,0.194931,17.030380,0.100000,300,0.000000,0.013102,5.300000,0.007132,1.452047,29.900000,300,0.500000,17.030380,0.026203,0.014264,no_change
356,42,0.678665,0.177565,0.197666,31.624559,0.100000,300,0.000000,0.201424,9.800000,0.002362,5.061186,29.900000,300,0.632491,31.624559,0.318462,0.003734,no_change
357,42,0.529499,0.164547,0.127134,44.431183,0.100000,300,0.000000,0.190366,13.900000,0.004291,10.100107,29.900000,300,0.888624,44.431183,0.214226,0.004829,increase_kp
358,42,0.379015,0.005685,0.157704,25.344075,0.100000,300,0.000000,0.000000,9.000000,0.040221,3.306172,29.900000,300,0.506881,25.344075,0.000000,0.079350,no_change
359,42,0.906235,0.219890,0.154300,37.055610,0.100000,300,0.000000,0.059727,11.300000,0.002049,6.944392,29.900000,300,0.741112,37.055610,0.080591,0.002765,no_change
360,42,0.465770,0.015517,0.109203,39.405266,0.100000,300,0.000000,0.000000,12.600000,0.103172,7.966883,29.900000,300,0.788105,39.405266,0.000000,0.130912,increase_kp
361,42,0.292598,0.272700,0.092925,35.861678,0.100000,300,0.000000,1.146534,14.500000,0.000395,6.619789,29.900000,300,0.717234,35.861678,1.598551,0.000551,reduce_ki
362,42,0.794909,0.284024,0.012620,38.285712,0.100000,300,0.000000,0.008682,11.700000,0.000065,7.411161,29.900000,300,0.765714,38.285712,0.011339,0.000084,no_change
363,42,0.603448,0.102705,0.008761,20.984095,0.100000,300,0.000000,0.055959,6.300000,0.002191,2.200716,29.900000,300,0.500000,20.984095,0.111918,0.004383,no_change
364,42,0.146097,0.326680,0.103077,44.673681,0.100000,300,0.000000,2.040565,18.700000,0.040031,10.501100,29.900000,300,0.893474,44.673681,2.283855,0.044804,reduce_kp
365,42,0.697334,0.088660,0.150658,20.733103,0.100000,300,0.000000,0.085408,6.400000,0.008542,2.167997,29.900000,300,0.500000,20.733103,0.170816,0.017084,no_change
366,42,0.492672,0.273295,0.173160,24.957741,0.100000,300,0.000000,0.593907,10.500000,0.000054,3.180565,29.900000,300,0.500000,24.957741,1.187814,0.000109,reduce_ki
367,42,0.236923,0.128807,0.177897,37.299231,0.100000,300,0.000000,1.741628,17.600000,0.023709,7.333533,29.900000,300,0.745985,37.299231,2.334671,0.031782,reduce_kp
368,42,1.084101,0.135326,0.194745,29.886097,0.100000,300,0.000000,0.009947,9.100000,0.001577,4.479429,29.900000,300,0.597722,29.886097,0.016642,0.002639,no_change
369,42,0.647276,0.323509,0.103855,39.034443,0.100000,300,0.000000,0.193417,12.000000,0.000015,7.731765,29.900000,300,0.780689,39.034443,0.247752,0.000019,increase_kp
370,42,0.899789,0.027624,0.120491,39.670238,0.100000,300,0.000000,0.000000,12.200000,0.069461,8.021923,29.900000,300,0.793405,39.670238,0.000000,0.087548,increase_kp
371,42,0.700022,0.112424,0.016014,34.827577,0.100000,300,0.000000,0.000000,10.600000,0.001162,6.113224,29.900000,300,0.696552,34.827577,0.000000,0.001668,no_change
372,42,0.437145,0.210918,0.085223,35.692944,0.100000,300,0.000000,0.407598,11.000000,0.000016,6.473396,29.900000,300,0.713859,35.692944,0.570978,0.000022,reduce_ki
373,42,0.486702,0.014824,0.174007,25.576779,0.100000,300,0.000000,0.000000,8.500000,0.000322,3.306440,29.900000,300,0.511536,25.576779,0.000000,0.000629,no_change
374,42,1.197966,0.096094,0.196005,43.437131,0.100000,300,0.000000,0.000000,13.400000,0.026017,9.625629,29.900000,300,0.868743,43.437131,0.000000,0.029948,increase_kp
375,42,0.182545,0.223129,0.072662,39.032879,0.100000,300,0.000000,1.870806,17.300000,0.027297,7.993135,29.900000,300,0.780658,39.032879,2.396448,0.034966,reduce_kp
376,42,0.847352,0.333476,0.028556,33.227187,0.100000,300,0.000000,0.047492,10.000000,0.000068,5.552274,29.900000,300,0.664544,33.227187,0.071465,0.000102,no_change
377,42,0.959443,0.012180,0.013447,38.355461,0.100000,300,0.000000,0.000000,11.600000,0.091046,7.494286,29.900000,300,0.767109,38.355461,0.000000,0.118687,no_change
378,42,0.502961,0.133999,0.113449,33.152845,0.100000,300,0.000000,0.231534,10.300000,0.002647,5.575489,29.900000,300,0.663057,33.152845,0.349192,0.003992,no_change
379,42,0.846968,0.332088,0.074403,37.892534,0.100000,300,0.000000,0.056922,11.500000,0.000163,7.261855,29.900000,300,0.757851,37.892534,0.075109,0.000216,no_change
380,42,0.731314,0.185311,0.079607,34.486822,0.100000,300,0.000000,0.050318,10.500000,0.001158,5.998215,29.900000,300,0.689736,34.486822,0.072953,0.001679,no_change
381,42,0.374573,0.039707,0.147135,29.971319,0.100000,300,0.000000,0.200992,9.900000,0.052376,4.615014,29.900000,300,0.599426,29.971319,0.335307,0.087378,no_change
382,42,0.525686,0.196585,0.052355,22.808693,0.100000,300,0.000000,0.241890,7.000000,0.000024,2.620338,29.900000,300,0.500000,22.808693,0.483779,0.000048,no_change
383,42,0.590900,0.348728,0.057115,42.494367,0.100000,300,0.000000,0.183072,13.100000,0.000017,9.195165,29.900000,300,0.849887,42.494367,0.215407,0.000020,increase_kp
384,42,0.640320,0.042923,0.170565,28.561281,0.100000,300,0.000000,0.021649,9.000000,0.009067,4.108026,29.900000,300,0.571226,28.561281,0.037899,0.015872,no_change
385,42,1.088547,0.155789,0.017558,35.457878,0.100000,300,0.000000,0.000000,10.700000,0.004817,6.341927,29.900000,300,0.709158,35.457878,0.000000,0.006793,no_change
386,42,1.030073,0.111856,0.069485,16.948172,0.100000,300,0.000000,0.018380,5.000000,0.002119,1.424040,29.900000,300,0.500000,16.948172,0.036761,0.004239,no_change
387,42,0.696388,0.311966,0.170272,36.354273,0.100000,300,0.000000,0.255920,11.200000,0.000019,6.697060,29.900000,300,0.727085,36.354273,0.351981,0.000026,no_change
388,42,1.120057,0.223195,0.158739,30.262672,0.100000,300,0.000000,0.034545,9.100000,0.001416,4.595235,29.900000,300,0.605253,30.262672,0.057076,0.002339,no_change
389,42,0.233499,0.070343,0.027775,38.711192,0.100000,300,0.000000,0.616768,12.300000,0.006234,7.719713,29.900000,300,0.774224,38.711192,0.796628,0.008051,reduce_ki
390,42,0.128912,0.193908,0.073782,39.109852,0.100000,300,0.000000,2.462832,19.100000,0.024665,8.209803,29.900000,300,0.782197,39.109852,3.148608,0.031533,reduce_kp
391,42,0.706812,0.214182,0.017243,24.278722,0.100000,300,0.000000,0.072658,7.300000,0.000197,2.944678,29.900000,300,0.500000,24.278722,0.145315,0.000394,no_change
392,42,1.199555,0.251604,0.105139,38.074937,0.100000,300,0.000000,0.000000,11.600000,0.001024,7.329791,29.900000,300,0.761499,38.074937,0.000000,0.001345,no_change
393,42,1.005673,0.025813,0.194476,34.270158,0.100000,300,0.000000,0.000000,10.500000,0.043961,5.949089,29.900000,300,0.685403,34.270158,0.000000,0.064139,no_change
394,42,0.594972,0.238038,0.068903,41.338805,0.100000,300,0.000000,0.120113,12.800000,0.000321,8.691800,29.900000,300,0.826776,41.338805,0.145278,0.000388,increase_kp
395,42,0.958289,0.223928,0.036393,43.987938,0.100000,300,0.000000,0.000000,13.500000,0.002202,9.858842,29.900000,300,0.879759,43.987938,0.000000,0.002503,increase_kp
396,42,0.575880,0.318749,0.011083,18.724834,0.100000,300,0.000000,0.214217,5.600000,0.000000,1.753575,29.900000,300,0.500000,18.724834,0.428433,0.000000,no_change
397,42,0.268317,0.057630,0.064532,36.279964,0.100000,300,0.000000,0.432903,11.700000,0.020496,6.777646,29.900000,300,0.725599,36.279964,0.596615,0.028247,reduce_ki
398,42,0.480625,0.329316,0.178985,40.378011,0.100000,300,0.000000,0.602378,12.500000,0.001048,8.328511,29.900000,300,0.807560,40.378011,0.745924,0.001298,reduce_ki
399,42,0.375666,0.222270,0.110168,18.755109,0.100000,300,0.000000,0.746632,11.600000,0.000629,1.915912,29.900000,300,0.500000,18.755109,1.493263,0.001258,reduce_ki
400,42,0.433107,0.186717,0.100515,20.059077,0.100000,300,0.000000,0.495941,6.200000,0.000027,2.072728,29.900000,300,0.500000,20.059077,0.991883,0.000053,reduce_ki
401,42,1.135768,0.053968,0.131747,36.618983,0.100000,300,0.000000,0.000000,11.100000,0.031661,6.793126,29.900000,300,0.732380,36.618983,0.000000,0.043230,no_change
402,42,0.765653,0.294886,0.112724,39.757088,0.100000,300,0.000000,0.108098,12.200000,0.000372,8.020144,29.900000,300,0.795142,39.757088,0.135948,0.000468,increase_kp
403,42,0.131211,0.015912,0.128291,32.303137,0.100000,300,0.000000,1.583738,27.200000,0.680458,6.067017,29.900000,300,0.646063,32.303137,2.451369,1.053238,reduce_kp
404,42,0.816243,0.268436,0.083317,34.169736,0.100000,300,0.000000,0.076798,10.400000,0.000395,5.884914,29.900000,300,0.683395,34.169736,0.112377,0.000579,no_change
405,42,0.647842,0.219507,0.057934,43.699505,0.100000,300,0.000000,0.068519,13.500000,0.001120,9.733790,29.900000,300,0.873990,43.699505,0.078398,0.001281,increase_kp
406,42,0.631239,0.281641,0.136998,23.923016,0.100000,300,0.000000,0.314197,7.300000,0.000002,2.885540,29.900000,300,0.500000,23.923016,0.628394,0.000004,reduce_ki
407,42,0.180270,0.020970,0.087921,29.527534,0.100000,300,0.000000,0.714919,19.000000,0.203666,4.749220,29.900000,300,0.590551,29.527534,1.210597,0.344875,reduce_ki
408,42,0.324425,0.212331,0.062516,36.550887,0.100000,300,0.000000,0.712481,11.300000,0.001072,6.823746,29.900000,300,0.731018,36.550887,0.974642,0.001466,reduce_ki
409,42,0.907620,0.301272,0.195075,18.922985,0.100000,300,0.000000,0.178340,5.700000,0.000092,1.798486,29.900000,300,0.500000,18.922985,0.356680,0.000183,no_change
410,42,0.507594,0.196578,0.063823,28.994177,0.100000,300,0.000000,0.254056,8.900000,0.000019,4.242543,29.900000,300,0.579884,28.994177,0.438115,0.000034,no_change
411,42,0.394219,0.086772,0.019362,23.706360,0.100000,300,0.000000,0.217855,7.400000,0.003040,2.851456,29.900000,300,0.500000,23.706360,0.435709,0.006080,no_change
412,42,0.522565,0.215382,0.049654,40.959225,0.100000,300,0.000000,0.155676,12.700000,0.000185,8.533760,29.900000,300,0.819185,40.959225,0.190038,0.000226,increase_kp
413,42,0.275670,0.114603,0.115537,24.381448,0.100000,300,0.000000,1.018188,14.200000,0.000996,3.173308,29.900000,300,0.500000,24.381448,2.036375,0.001993,reduce_ki
414,42,0.939434,0.174393,0.102945,29.962791,0.100000,300,0.000000,0.025073,9.100000,0.001317,4.502691,29.900000,300,0.599256,29.962791,0.041841,0.002197,no_change
415,42,0.439395,0.008112,0.189047,30.163334,0.100000,300,0.000000,0.000000,10.200000,0.060841,4.664417,29.900000,300,0.603267,30.163334,0.000000,0.100852,no_change
416,42,1.163355,0.075301,0.070579,16.516212,0.100000,300,0.000000,0.002868,4.800000,0.000818,1.346676,29.900000,300,0.500000,16.516212,0.005737,0.001635,no_change
417,42,0.644384,0.308819,0.130852,29.117606,0.100000,300,0.000000,0.272524,8.900000,0.000003,4.273352,29.900000,300,0.582352,29.117606,0.467971,0.000005,no_change
418,42,0.690360,0.296510,0.086186,41.473672,0.100000,300,0.000000,0.108008,12.800000,0.000187,8.745101,29.900000,300,0.829473,41.473672,0.130213,0.000226,increase_kp
419,42,0.900259,0.267350,0.073187,27.017449,0.100000,300,0.000000,0.056917,8.100000,0.000253,3.651894,29.900000,300,0.540349,27.017449,0.105334,0.000469,no_change
420,42,0.727310,0.068129,0.110645,17.205952,0.100000,300,0.000000,0.047311,5.300000,0.008095,1.487500,29.900000,300,0.500000,17.205952,0.094622,0.016190,no_change
421,42,0.654681,0.267541,0.055944,44.672721,0.100000,300,0.000000,0.073496,13.800000,0.000441,10.183899,29.900000,300,0.893454,44.672721,0.082260,0.000494,increase_kp
422,42,0.848439,0.041584,0.195017,26.817111,0.100000,300,0.000000,0.000000,8.300000,0.002029,3.603808,29.900000,300,0.536342,26.817111,0.000000,0.003783,no_change
423,42,0.974387,0.118680,0.187790,37.648955,0.100000,300,0.000000,0.000000,11.500000,0.000311,7.167328,29.900000,300,0.752979,37.648955,0.000000,0.000413,no_change
424,42,0.318964,0.178193,0.100016,16.359101,0.100000,300,0.000000,0.922534,16.500000,0.003487,1.669575,29.900000,300,0.500000,16.359101,1.845068,0.006974,reduce_ki
425,42,0.250740,0.116564,0.094749,28.709657,0.100000,300,0.000000,1.118978,14.600000,0.002284,4.328517,29.900000,300,0.574193,28.709657,1.948783,0.003978,reduce_ki
426,42,0.766887,0.180427,0.065593,33.392044,0.100000,300,0.000000,0.028154,10.100000,0.000835,5.612878,29.900000,300,0.667841,33.392044,0.042157,0.001251,no_change
427,42,0.278752,0.346716,0.147864,23.977030,0.100000,300,0.000000,1.542193,-1.0,1.402276,3.910741,29.900000,300,0.500000,23.977030,3.084386,2.804552,reduce_kp
428,42,0.470011,0.289901,0.106468,36.262194,0.100000,300,0.000000,0.480569,11.200000,0.000159,6.681172,29.900000,300,0.725244,36.262194,0.662631,0.000220,reduce_ki
429,42,0.429770,0.285512,0.073672,35.214192,0.100000,300,0.000000,0.479390,10.800000,0.000052,6.295036,29.900000,300,0.704284,35.214192,0.680677,0.000074,reduce_ki
430,42,1.177888,0.204296,0.159351,36.759726,0.100000,300,0.000000,0.000000,11.200000,0.000610,6.821780,29.900000,300,0.735195,36.759726,0.000000,0.000830,no_change
431,42,0.856848,0.009327,0.094918,44.012121,0.100000,300,0.000000,0.000000,13.600000,0.139958,9.946496,29.900000,300,0.880242,44.012121,0.000000,0.158999,increase_kp
432,42,0.961194,0.271657,0.115527,36.642003,0.100000,300,0.000000,0.032353,11.100000,0.000579,6.780070,29.900000,300,0.732840,36.642003,0.044148,0.000790,no_change
433,42,0.741876,0.059679,0.125805,33.592074,0.100000,300,0.000000,0.000000,10.300000,0.006648,5.692492,29.900000,300,0.671841,33.592074,0.000000,0.009895,no_change
434,42,1.025284,0.051721,0.136145,15.947115,0.100000,300,0.000000,0.011160,4.800000,0.004307,1.262943,29.900000,300,0.500000,15.947115,0.022321,0.008613,no_change
435,42,1.143026,0.038463,0.003787,24.410775,0.100000,300,0.000000,0.000000,7.200000,0.016785,2.980404,29.900000,300,0.500000,24.410775,0.000000,0.033569,no_change
436,42,0.266574,0.241675,0.082075,38.249169,0.100000,300,0.000000,1.229119,15.300000,0.003249,7.542366,29.900000,300,0.764983,38.249169,1.606726,0.004248,reduce_ki
437,42,1.112573,0.305486,0.147167,16.868439,0.100000,300,0.000000,0.091243,5.000000,0.000233,1.418126,29.900000,300,0.500000,16.868439,0.182487,0.000467,no_change
438,42,0.251891,0.072570,0.065010,34.866804,0.100000,300,0.000000,0.691236,11.100000,0.007589,6.280172,29.900000,300,0.697336,34.866804,0.991253,0.010884,reduce_ki
439,42,0.678025,0.109813,0.034636,42.363725,0.100000,300,0.000000,0.000000,13.100000,0.006846,9.136897,29.900000,300,0.847274,42.363725,0.000000,0.008081,increase_kp
440,42,0.476560,0.124000,0.154398,36.627737,0.100000,300,0.000000,0.291994,11.500000,0.005201,6.838954,29.900000,300,0.732555,36.627737,0.398596,0.007100,no_change
441,42,0.807640,0.242660,0.122015,20.767925,0.100000,300,0.000000,0.140203,6.300000,0.000237,2.161344,29.900000,300,0.500000,20.767925,0.280406,0.000475,no_change
442,42,0.371171,0.195330,0.044973,44.187319,0.100000,300,0.000000,0.409580,13.800000,0.001006,9.998012,29.900000,300,0.883746,44.187319,0.463459,0.001138,reduce_ki
443,42,0.427376,0.101151,0.041456,36.149648,0.100000,300,0.000000,0.147964,11.300000,0.005009,6.631676,29.900000,300,0.722993,36.149648,0.204654,0.006928,no_change
444,42,0.448745,0.122081,0.186740,38.862161,0.100000,300,0.000000,0.387347,12.300000,0.005380,7.730466,29.900000,300,0.777243,38.862161,0.498361,0.006922,reduce_ki
445,42,0.400803,0.042656,0.135324,26.390826,0.100000,300,0.000000,0.179603,8.700000,0.038777,3.575514,29.900000,300,0.527817,26.390826,0.340276,0.073467,no_change
446,42,1.178177,0.286432,0.190922,39.138475,0.100000,300,0.000000,0.029344,11.900000,0.001247,7.757478,29.900000,300,0.782770,39.138475,0.037487,0.001594,no_change
447,42,0.419498,0.100671,0.142828,25.390905,0.100000,300,0.000000,0.399018,8.100000,0.002515,3.312138,29.900000,300,0.507818,25.390905,0.785749,0.004953,reduce_ki
448,42,0.586614,0.089755,0.095816,21.062040,0.100000,300,0.000000,0.101843,6.600000,0.006025,2.238401,29.900000,300,0.500000,21.062040,0.203686,0.012050,no_change
449,42,0.692436,0.326558,0.139234,19.118189,0.100000,300,0.000000,0.281398,5.800000,0.000000,1.841714,29.900000,300,0.500000,19.118189,0.562796,0.000000,no_change
450,42,0.777245,0.205391,0.048492,35.095019,0.100000,300,0.000000,0.039046,10.700000,0.000777,6.210049,29.900000,300,0.701900,35.095019,0.055629,0.001106,no_change
451,42,0.684146,0.223281,0.010498,27.399041,0.100000,300,0.000000,0.062452,8.300000,0.000147,3.757896,29.900000,300,0.547981,27.399041,0.113968,0.000268,no_change
452,42,0.889094,0.035191,0.154153,15.155443,0.100000,300,0.000000,0.012541,4.600000,0.006085,1.145977,29.900000,300,0.500000,15.155443,0.025083,0.012170,no_change
453,42,0.705388,0.325185,0.081381,43.050963,0.100000,300,0.000000,0.123389,13.300000,0.000149,9.440066,29.900000,300,0.861019,43.050963,0.143306,0.000173,increase_kp
454,42,1.066240,0.167107,0.039891,43.917421,0.100000,300,0.000000,0.000000,13.500000,0.012017,9.836752,29.900000,300,0.878348,43.917421,0.000000,0.013681,increase_kp
455,42,0.453284,0.226064,0.181587,17.683822,0.100000,300,0.000000,0.656088,10.500000,0.000106,1.705954,29.900000,300,0.500000,17.683822,1.312177,0.000211,reduce_ki
456,42,0.731547,0.187303,0.144624,43.100081,0.100000,300,0.000000,0.057587,13.400000,0.003216,9.466390,29.900000,300,0.862002,43.100081,0.066806,0.003731,increase_kp
457,42,1.104553,0.061273,0.176449,20.273661,0.100000,300,0.000000,0.001740,6.100000,0.000690,2.042095,29.900000,300,0.500000,20.273661,0.003481,0.001380,no_change
458,42,1.111598,0.349010,0.079399,29.861517,0.100000,300,0.000000,0.024783,9.000000,0.000119,4.466509,29.900000,300,0.597230,29.861517,0.041497,0.000199,no_change
459,42,1.130270,0.336746,0.185208,41.302295,0.100000,300,0.000000,0.026216,12.700000,0.000655,8.661430,29.900000,300,0.826046,41.302295,0.031737,0.000792,increase_kp
460,42,0.110194,0.198787,0.021460,44.489817,0.100000,300,0.000000,2.295353,19.100000,0.054315,10.453451,29.900000,300,0.889796,44.489817,2.579639,0.061043,reduce_kp
461,42,0.413018,0.346185,0.108660,29.817373,0.100000,300,0.000000,0.762214,11.700000,0.000171,4.533580,29.900000,300,0.596347,29.817373,1.278138,0.000286,reduce_ki
462,42,1.132417,0.297871,0.093604,20.784342,0.100000,300,0.000000,0.048052,6.200000,0.000246,2.148283,29.900000,300,0.500000,20.784342,0.096105,0.000492,no_change
463,42,0.223911,0.056873,0.091783,22.717946,0.100000,300,0.000000,0.990269,15.200000,0.013225,2.835670,29.900000,300,0.500000,22.717946,1.980538,0.026451,reduce_ki
464,42,0.304819,0.257816,0.158154,32.033437,0.100000,300,0.000000,1.344265,15.100000,0.005315,5.359980,29.900000,300,0.640669,32.033437,2.098222,0.008297,reduce_ki
465,42,0.933011,0.061423,0.171229,41.911283,0.100000,300,0.000000,0.000000,12.900000,0.036950,8.957404,29.900000,300,0.838226,41.911283,0.000000,0.044081,increase_kp
466,42,1.009689,0.180348,0.017348,35.077676,0.100000,300,0.000000,0.000000,10.600000,0.002374,6.202271,29.900000,300,0.701554,35.077676,0.000000,0.003384,no_change
467,42,0.303259,0.049214,0.064720,22.441413,0.100000,300,0.000000,0.342472,7.500000,0.017949,2.632391,29.900000,300,0.500000,22.441413,0.684944,0.035899,reduce_ki
468,42,0.386864,0.082432,0.150751,43.621045,0.100000,300,0.000000,0.266211,14.000000,0.032162,9.778884,29.900000,300,0.872421,43.621045,0.305141,0.036865,increase_kp
469,42,0.432140,0.253009,0.002287,34.610501,0.100000,300,0.000000,0.311888,10.600000,0.000010,6.058924,29.900000,300,0.692210,34.610501,0.450568,0.000015,reduce_ki
470,42,0.862045,0.021744,0.023645,24.204190,0.100000,300,0.000000,0.000000,7.200000,0.024133,2.938887,29.900000,300,0.500000,24.204190,0.000000,0.048265,no_change
471,42,0.545958,0.175882,0.179024,36.106711,0.100000,300,0.000000,0.318329,11.200000,0.000701,6.632394,29.900000,300,0.722134,36.106711,0.440817,0.000971,reduce_ki
472,42,0.442076,0.041096,0.183226,23.851128,0.100000,300,0.000000,0.178657,8.000000,0.044795,2.938396,29.900000,300,0.500000,23.851128,0.357313,0.089590,no_change
473,42,0.776088,0.076695,0.026714,19.595567,0.100000,300,0.000000,0.007926,5.800000,0.001294,1.906542,29.900000,300,0.500000,19.595567,0.015852,0.002587,no_change
474,42,0.922508,0.212009,0.083169,31.477035,0.100000,300,0.000000,0.029071,9.500000,0.000770,4.975610,29.900000,300,0.629541,31.477035,0.046178,0.001223,no_change
475,42,0.617911,0.188131,0.132819,21.552349,0.100000,300,0.000000,0.228256,6.700000,0.000241,2.347157,29.900000,300,0.500000,21.552349,0.456512,0.000483,no_change
476,42,0.372212,0.264159,0.174627,17.456109,0.100000,300,0.000000,1.080714,-1.0,1.021568,2.331871,29.900000,300,0.500000,17.456109,2.161427,2.043136,increase_ki
477,42,0.591423,0.246318,0.015621,31.925062,0.100000,300,0.000000,0.136880,9.700000,0.000051,5.130642,29.900000,300,0.638501,31.925062,0.214377,0.000080,no_change
478,42,0.167934,0.191677,0.101097,32.181050,0.100000,300,0.000000,2.250845,19.200000,0.015107,5.716140,29.900000,300,0.643621,32.181050,3.497159,0.023471,reduce_kp
479,42,0.264838,0.114841,0.104068,18.487201,0.100000,300,0.000000,1.074719,16.200000,0.015888,2.033848,29.900000,300,0.500000,18.487201,2.149438,0.031776,reduce_ki
480,42,0.325942,0.204102,0.018188,30.311261,0.100000,300,0.000000,0.587077,9.300000,0.000018,4.667859,29.900000,300,0.606225,30.311261,0.968415,0.000030,reduce_ki
481,42,0.989561,0.158701,0.102650,28.703954,0.100000,300,0.000000,0.018368,8.600000,0.001389,4.125783,29.900000,300,0.574079,28.703954,0.031996,0.002419,no_change
482,42,0.163510,0.161832,0.161383,36.698402,0.100000,300,0.000000,2.694125,20.200000,0.111250,7.392738,29.900000,300,0.733968,36.698402,3.670630,0.151573,reduce_kp
483,42,0.535544,0.285759,0.149161,32.349338,0.100000,300,0.000000,0.409561,10.000000,0.000068,5.302864,29.900000,300,0.646987,32.349338,0.633029,0.000105,reduce_ki
484,42,0.149819,0.120585,0.012752,44.823710,0.100000,300,0.000000,1.806600,18.600000,0.004948,10.508497,29.900000,300,0.896474,44.823710,2.015228,0.005520,reduce_kp
485,42,1.128041,0.024157,0.186755,15.952046,0.100000,300,0.000000,0.000000,4.800000,0.001928,1.261516,29.900000,300,0.500000,15.952046,0.000000,0.003857,no_change
486,42,0.549754,0.269140,0.153166,44.349999,0.100000,300,0.000000,0.319215,13.800000,0.000793,10.063027,29.900000,300,0.887000,44.349999,0.359881,0.000895,reduce_ki
487,42,0.810469,0.147127,0.198571,26.474389,0.100000,300,0.000000,0.104464,8.200000,0.004660,3.528326,29.900000,300,0.529488,26.474389,0.197292,0.008801,no_change
488,42,1.056582,0.317369,0.075129,35.481911,0.100000,300,0.000000,0.011430,10.700000,0.000143,6.343894,29.900000,300,0.709638,35.481911,0.016107,0.000202,no_change
489,42,0.827972,0.188755,0.130707,25.433097,0.100000,300,0.000000,0.082732,7.800000,0.001308,3.242659,29.900000,300,0.508662,25.433097,0.162646,0.002572,no_change
490,42,0.296321,0.188040,0.105769,36.835744,0.100000,300,0.000000,1.023977,14.900000,0.005848,6.979978,29.900000,300,0.736715,36.835744,1.389923,0.007938,reduce_ki
491,42,0.344959,0.001216,0.004547,23.950890,0.100000,300,0.000000,0.000000,8.000000,0.107333,2.969297,29.900000,300,0.500000,23.950890,0.000000,0.214667,no_change
492,42,0.840850,0.190556,0.106387,39.700813,0.100000,300,0.000000,0.026436,12.200000,0.001581,7.989792,29.900000,300,0.794016,39.700813,0.033294,0.001991,increase_kp
493,42,0.372263,0.121156,0.055130,43.122311,0.100000,300,0.000000,0.268478,13.600000,0.002325,9.516437,29.900000,300,0.862446,43.122311,0.311298,0.002695,increase_kp
494,42,0.897526,0.039496,0.161896,27.577218,0.100000,300,0.000000,0.000000,8.400000,0.013124,3.820152,29.900000,300,0.551544,27.577218,0.000000,0.023795,no_change
495,42,0.942659,0.309315,0.003129,21.182449,0.100000,300,0.000000,0.030198,6.300000,0.000038,2.227482,29.900000,300,0.500000,21.182449,0.060395,0.000076,no_change
496,42,0.210986,0.011752,0.119557,36.098588,0.100000,300,0.000000,0.175644,13.100000,0.139191,6.802893,29.900000,300,0.721972,36.098588,0.243284,0.192793,increase_kp
497,42,0.153544,0.259189,0.080453,22.030178,0.100000,300,0.000000,2.329121,-1.0,2.251071,4.139615,29.900000,300,0.500000,22.030178,4.658241,4.502142,reduce_kp
498,42,0.338996,0.302306,0.011289,30.116875,0.100000,300,0.000000,0.660756,11.200000,0.000028,4.605539,29.900000,300,0.602338,30.116875,1.096987,0.000046,reduce_ki
499,42,0.418190,0.285525,0.146303,24.567111,0.100000,300,0.000000,0.772011,11.600000,0.000003,3.121429,29.900000,300,0.500000,24.567111,1.544023,0.000007,reduce_ki
500,42,0.757709,0.235386,0.064133,24.052933,0.100000,300,0.000000,0.096318,7.300000,0.000203,2.893806,29.900000,300,0.500000,24.052933,0.192636,0.000406,no_change
501,42,0.257586,0.231074,0.044209,24.015029,0.100000,300,0.000000,1.223481,15.300000,0.003510,3.136766,29.900000,300,0.500000,24.015029,2.446962,0.007019,reduce_ki
502,42,0.167053,0.331982,0.175943,42.347330,0.100000,300,0.000000,2.173725,19.000000,0.043676,9.503949,29.900000,300,0.846947,42.347330,2.566543,0.051569,reduce_kp
503,42,0.788592,0.149520,0.099124,44.168707,0.100000,300,0.000000,0.000000,13.700000,0.000952,9.945374,29.900000,300,0.883374,44.168707,0.000000,0.001078,increase_kp
504,42,1.135745,0.234970,0.157161,24.562034,0.100000,300,0.000000,0.050553,7.400000,0.001161,3.013955,29.900000,300,0.500000,24.562034,0.101106,0.002323,no_change
505,42,0.557957,0.052226,0.075292,37.632483,0.100000,300,0.000000,0.000000,11.700000,0.010558,7.183375,29.900000,300,0.752650,37.632483,0.000000,0.014028,no_change
506,42,0.620871,0.297269,0.060147,36.227304,0.100000,300,0.000000,0.163458,11.100000,0.000009,6.636877,29.900000,300,0.724546,36.227304,0.225601,0.000012,no_change
507,42,0.986354,0.320159,0.112477,44.033586,0.100000,300,0.000000,0.019216,13.600000,0.000477,9.877821,29.900000,300,0.880672,44.033586,0.021819,0.000542,increase_kp
508,42,0.713015,0.046932,0.048572,21.100102,0.100000,300,0.000000,0.000000,6.400000,0.000697,2.215735,29.900000,300,0.500000,21.100102,0.000000,0.001395,no_change
509,42,0.811376,0.322779,0.169427,17.773920,0.100000,300,0.000000,0.193791,5.400000,0.000007,1.587661,29.900000,300,0.500000,17.773920,0.387583,0.000013,no_change
510,42,0.897043,0.066669,0.053692,35.210158,0.100000,300,0.000000,0.000000,10.700000,0.019760,6.267345,29.900000,300,0.704203,35.210158,0.000000,0.028061,no_change
511,42,0.763214,0.305767,0.037633,37.850893,0.100000,300,0.000000,0.045967,11.500000,0.000115,7.244434,29.900000,300,0.757018,37.850893,0.060722,0.000152,no_change
512,42,0.896736,0.195598,0.095879,41.084216,0.100000,300,0.000000,0.000000,12.600000,0.000655,8.568413,29.900000,300,0.821684,41.084216,0.000000,0.000797,increase_kp
513,42,0.466261,0.334957,0.003067,43.114793,0.100000,300,0.000000,0.276653,13.300000,0.000032,9.475980,29.900000,300,0.862296,43.114793,0.320833,0.000037,increase_kp
514,42,1.158285,0.041061,0.199914,29.367626,0.100000,300,0.000000,0.000000,8.900000,0.018202,4.336690,29.900000,300,0.587353,29.367626,0.000000,0.030990,no_change
515,42,0.366853,0.211541,0.040903,42.453794,0.100000,300,0.000000,0.459481,13.200000,0.000157,9.212603,29.900000,300,0.849076,42.453794,0.541154,0.000185,reduce_ki
516,42,0.707287,0.271430,0.076132,31.009504,0.100000,300,0.000000,0.143644,9.400000,0.000110,4.838825,29.900000,300,0.620190,31.009504,0.231612,0.000177,no_change
517,42,0.495186,0.091547,0.102563,29.918319,0.100000,300,0.000000,0.152986,9.400000,0.008312,4.533906,29.900000,300,0.598366,29.918319,0.255674,0.013891,no_change
518,42,0.208469,0.343461,0.093898,40.191935,0.100000,300,0.000000,1.652821,16.700000,0.002736,8.408399,29.900000,300,0.803839,40.191935,2.056160,0.003404,reduce_kp
519,42,1.105764,0.129747,0.082786,31.875742,0.100000,300,0.000000,0.000000,9.600000,0.003348,5.104679,29.900000,300,0.637515,31.875742,0.000000,0.005252,no_change
520,42,0.343402,0.051073,0.052155,43.042748,0.100000,300,0.000000,0.060343,13.800000,0.018516,9.479604,29.900000,300,0.860855,43.042748,0.070096,0.021509,increase_kp
521,42,0.737057,0.146152,0.030482,24.895959,0.100000,300,0.000000,0.035833,7.500000,0.001024,3.096156,29.900000,300,0.500000,24.895959,0.071666,0.002048,no_change
522,42,0.517824,0.291677,0.099860,34.638239,0.100000,300,0.000000,0.352835,10.600000,0.000039,6.078051,29.900000,300,0.692765,34.638239,0.509314,0.000057,reduce_ki
523,42,0.853331,0.090064,0.164318,43.995248,0.100000,300,0.000000,0.000000,13.600000,0.015265,9.880763,29.900000,300,0.879905,43.995248,0.000000,0.017349,increase_kp
524,42,0.805864,0.171708,0.033647,38.849265,0.100000,300,0.000000,0.000000,11.800000,0.000712,7.639377,29.900000,300,0.776985,38.849265,0.000000,0.000917,no_change
525,42,0.286192,0.252110,0.097663,42.506982,0.100000,300,0.000000,1.181729,16.200000,0.008071,9.310485,29.900000,300,0.850140,42.506982,1.390041,0.009494,reduce_ki
526,42,0.696351,0.224633,0.011746,16.014713,0.100000,300,0.000000,0.117066,4.700000,0.000070,1.279765,29.900000,300,0.500000,16.014713,0.234132,0.000141,no_change
527,42,1.031367,0.330816,0.133643,37.930165,0.100000,300,0.000000,0.048919,11.600000,0.000512,7.276341,29.900000,300,0.758603,37.930165,0.064486,0.000675,no_change
528,42,0.553631,0.294891,0.046287,36.215087,0.100000,300,0.000000,0.235610,11.100000,0.000005,6.636852,29.900000,300,0.724302,36.215087,0.325293,0.000008,no_change
529,42,0.110056,0.177007,0.074640,33.535057,0.100000,300,0.000000,2.897705,21.600000,0.113816,6.431234,29.900000,300,0.670701,33.535057,4.320411,0.169696,reduce_kp
530,42,0.833430,0.215782,0.096641,29.635632,0.100000,300,0.000000,0.054675,9.000000,0.000696,4.407903,29.900000,300,0.592713,29.635632,0.092246,0.001174,no_change
531,42,0.107274,0.193075,0.002370,30.882529,0.100000,300,0.000000,2.432346,19.900000,0.018002,5.393576,29.900000,300,0.617651,30.882529,3.938062,0.029147,reduce_kp
532,42,0.402215,0.342118,0.003429,39.394717,0.100000,300,0.000000,0.404950,12.100000,0.000036,7.887974,29.900000,300,0.787894,39.394717,0.513965,0.000046,reduce_ki
533,42,0.841436,0.282159,0.181955,18.210493,0.100000,300,0.000000,0.180017,5.500000,0.000070,1.667752,29.900000,300,0.500000,18.210493,0.360033,0.000139,no_change
534,42,0.205945,0.052114,0.038386,30.793680,0.100000,300,0.000000,0.809250,15.600000,0.008839,4.964860,29.900000,300,0.615874,30.793680,1.313987,0.014351,reduce_ki
535,42,0.996736,0.093564,0.079379,26.191548,0.100000,300,0.000000,0.000000,7.900000,0.002487,3.427199,29.900000,300,0.523831,26.191548,0.000000,0.004748,no_change
536,42,0.546630,0.197751,0.198047,21.775718,0.100000,300,0.000000,0.404142,6.800000,0.000046,2.422513,29.900000,300,0.500000,21.775718,0.808283,0.000091,reduce_ki
537,42,0.852446,0.296753,0.130747,40.746575,0.100000,300,0.000000,0.068739,12.500000,0.000634,8.430259,29.900000,300,0.814931,40.746575,0.084349,0.000778,increase_kp
538,42,0.935544,0.032725,0.075853,31.581043,0.100000,300,0.000000,0.000000,9.500000,0.033226,5.033765,29.900000,300,0.631621,31.581043,0.000000,0.052605,no_change
539,42,0.161726,0.003308,0.034277,29.995752,0.100000,300,0.000000,0.000000,12.400000,0.092039,4.798231,29.900000,300,0.599915,29.995752,0.000000,0.153421,increase_kp
540,42,0.577301,0.274532,0.113171,40.738809,0.100000,300,0.000000,0.230783,12.600000,0.000107,8.446107,29.900000,300,0.814776,40.738809,0.283247,0.000132,increase_kp
541,42,0.204898,0.184856,0.008510,21.342512,0.100000,300,0.000000,1.498494,19.400000,0.021487,2.742662,29.900000,300,0.500000,21.342512,2.996989,0.042975,reduce_ki
542,42,1.054929,0.310644,0.095100,16.396859,0.100000,300,0.000000,0.079070,4.800000,0.000121,1.336562,29.900000,300,0.500000,16.396859,0.158140,0.000242,no_change
543,42,0.181783,0.323955,0.179862,31.905296,0.100000,300,0.000000,2.278304,22.100000,0.054420,5.821420,29.900000,300,0.638106,31.905296,3.570416,0.085283,reduce_kp
544,42,0.136192,0.325068,0.062897,43.844076,0.100000,300,0.000000,2.015250,18.300000,0.027174,10.095138,29.900000,300,0.876882,43.844076,2.298201,0.030990,reduce_kp
545,42,0.745740,0.263289,0.142542,26.948881,0.100000,300,0.000000,0.170405,8.200000,0.000126,3.651100,29.900000,300,0.538978,26.948881,0.316163,0.000234,no_change
546,42,0.184631,0.056858,0.048094,40.039517,0.100000,300,0.000000,1.029747,18.400000,0.038818,8.372664,29.900000,300,0.800790,40.039517,1.285913,0.048474,reduce_ki
547,42,0.528072,0.313784,0.066346,37.668278,0.100000,300,0.000000,0.268635,11.600000,0.000016,7.195388,29.900000,300,0.753366,37.668278,0.356581,0.000021,no_change
548,42,0.253946,0.345967,0.144833,30.023786,0.100000,300,0.000000,1.644250,17.600000,0.011350,4.881468,29.900000,300,0.600476,30.023786,2.738246,0.018902,reduce_kp
549,42,1.171756,0.018794,0.087418,40.160240,0.100000,300,0.000000,0.000000,12.200000,0.078278,8.220197,29.900000,300,0.803205,40.160240,0.000000,0.097456,increase_kp
550,42,0.474652,0.269152,0.190972,26.901091,0.100000,300,0.000000,0.630066,11.100000,0.000130,3.696355,29.900000,300,0.538022,26.901091,1.171079,0.000241,reduce_ki
551,42,0.950910,0.010369,0.054665,44.777576,0.100000,300,0.000000,0.000000,13.800000,0.133138,10.294396,29.900000,300,0.895552,44.777576,0.000000,0.148665,increase_kp
552,42,0.639664,0.124534,0.188229,27.955438,0.100000,300,0.000000,0.174229,8.700000,0.006508,3.956289,29.900000,300,0.559109,27.955438,0.311619,0.011640,no_change
553,42,0.847664,0.231235,0.017139,33.558477,0.100000,300,0.000000,0.013590,10.100000,0.000211,5.662995,29.900000,300,0.671170,33.558477,0.020249,0.000315,no_change
554,42,0.977861,0.249588,0.016408,19.626629,0.100000,300,0.000000,0.027724,5.800000,0.000153,1.910103,29.900000,300,0.500000,19.626629,0.055448,0.000307,no_change
555,42,0.882845,0.221865,0.147931,24.500347,0.100000,300,0.000000,0.097679,7.400000,0.000845,3.007947,29.900000,300,0.500000,24.500347,0.195358,0.001691,no_change
556,42,0.217206,0.001818,0.061653,25.797525,0.100000,300,0.000000,0.000000,10.500000,0.131358,3.557810,29.900000,300,0.515950,25.797525,0.000000,0.254593,no_change
557,42,0.396743,0.046377,0.037478,28.465310,0.100000,300,0.000000,0.075398,9.100000,0.014179,4.098791,29.900000,300,0.569306,28.465310,0.132439,0.024907,no_change
558,42,0.710214,0.142815,0.005252,25.617429,0.100000,300,0.000000,0.033334,7.700000,0.000932,3.278470,29.900000,300,0.512349,25.617429,0.065062,0.001819,no_change
559,42,0.202371,0.209315,0.064886,26.557138,0.100000,300,0.000000,1.834940,19.200000,0.018109,4.011201,29.900000,300,0.531143,26.557138,3.454702,0.034095,reduce_kp
560,42,0.421032,0.135730,0.016940,42.034081,0.100000,300,0.000000,0.151117,13.100000,0.001983,9.006451,29.900000,300,0.840682,42.034081,0.179755,0.002358,increase_kp
561,42,1.095728,0.342361,0.114392,20.087488,0.100000,300,0.000000,0.061665,6.000000,0.000093,2.007115,29.900000,300,0.500000,20.087488,0.123330,0.000186,no_change
562,42,0.518805,0.048594,0.060226,29.793718,0.100000,300,0.000000,0.007803,9.300000,0.002382,4.464892,29.900000,300,0.595874,29.793718,0.013096,0.003998,no_change
563,42,0.169594,0.152137,0.084220,29.526939,0.100000,300,0.000000,2.287247,20.000000,0.062753,4.951070,29.900000,300,0.590539,29.526939,3.873153,0.106264,reduce_kp
564,42,0.184613,0.088095,0.049318,33.751011,0.100000,300,0.000000,1.525296,16.600000,0.012595,6.007994,29.900000,300,0.675020,33.751011,2.259630,0.018659,reduce_kp
565,42,0.753187,0.068442,0.021394,24.139740,0.100000,300,0.000000,0.000000,7.300000,0.002129,2.906838,29.900000,300,0.500000,24.139740,0.000000,0.004258,no_change
566,42,1.143706,0.116276,0.124038,39.122294,0.100000,300,0.000000,0.000000,11.900000,0.013551,7.761993,29.900000,300,0.782446,39.122294,0.000000,0.017319,no_change
567,42,0.462496,0.117158,0.163095,40.785254,0.100000,300,0.000000,0.261212,12.900000,0.009915,8.506814,29.900000,300,0.815705,40.785254,0.320229,0.012155,increase_kp
568,42,1.171648,0.047644,0.064133,43.418368,0.100000,300,0.000000,0.000000,13.300000,0.063819,9.633175,29.900000,300,0.868367,43.418368,0.000000,0.073493,increase_kp
569,42,0.320937,0.109964,0.192915,44.061757,0.100000,300,0.000000,0.815798,14.000000,0.022571,10.054541,29.900000,300,0.881235,44.061757,0.925744,0.025613,reduce_ki
570,42,0.420593,0.243235,0.098201,32.276378,0.100000,300,0.000000,0.571541,9.900000,0.000164,5.293755,29.900000,300,0.645528,32.276378,0.885385,0.000253,reduce_ki
571,42,0.366667,0.131619,0.163299,26.788054,0.100000,300,0.000000,0.682288,12.600000,0.000799,3.708412,29.900000,300,0.535761,26.788054,1.273494,0.001491,reduce_ki
572,42,0.225277,0.197348,0.118445,31.368873,0.100000,300,0.000000,1.822100,17.300000,0.012869,5.295944,29.900000,300,0.627377,31.368873,2.904312,0.020512,reduce_kp
573,42,0.849884,0.192535,0.190601,28.848667,0.100000,300,0.000000,0.105412,8.800000,0.002257,4.187988,29.900000,300,0.576973,28.848667,0.182699,0.003913,no_change
574,42,0.879204,0.153459,0.058266,35.785058,0.100000,300,0.000000,0.000000,10.900000,0.000892,6.458806,29.900000,300,0.715701,35.785058,0.000000,0.001246,no_change
575,42,1.000862,0.278480,0.081828,29.979096,0.100000,300,0.000000,0.028176,9.000000,0.000268,4.504472,29.900000,300,0.599582,29.979096,0.046992,0.000446,no_change
576,42,0.796670,0.084707,0.131733,36.457092,0.100000,300,0.000000,0.000000,11.200000,0.004609,6.719974,29.900000,300,0.729142,36.457092,0.000000,0.006321,no_change
577,42,0.967984,0.025888,0.198140,29.377041,0.100000,300,0.000000,0.000000,9.000000,0.026703,4.349662,29.900000,300,0.587541,29.377041,0.000000,0.045449,no_change
578,42,0.540886,0.177314,0.184078,35.751266,0.100000,300,0.000000,0.323290,11.100000,0.000379,6.502533,29.900000,300,0.715025,35.751266,0.452138,0.000531,reduce_ki
579,42,0.698010,0.276752,0.071906,41.865045,0.100000,300,0.000000,0.096530,12.900000,0.000400,8.913311,29.900000,300,0.837301,41.865045,0.115287,0.000477,increase_kp
580,42,0.690597,0.223363,0.016996,38.068621,0.100000,300,0.000000,0.035683,11.600000,0.000371,7.330320,29.900000,300,0.761372,38.068621,0.046867,0.000488,no_change
581,42,0.823362,0.124253,0.129400,16.328901,0.100000,300,0.000000,0.068728,5.000000,0.003221,1.338352,29.900000,300,0.500000,16.328901,0.137456,0.006441,no_change
582,42,1.181969,0.237115,0.079924,37.580483,0.100000,300,0.000000,0.000000,11.400000,0.001125,7.135858,29.900000,300,0.751610,37.580483,0.000000,0.001496,no_change
583,42,1.162288,0.150659,0.002110,22.762151,0.100000,300,0.000000,0.000000,6.700000,0.000682,2.573994,29.900000,300,0.500000,22.762151,0.000000,0.001365,no_change
584,42,0.661744,0.181579,0.116104,32.257062,0.100000,300,0.000000,0.142739,9.900000,0.001500,5.252210,29.900000,300,0.645141,32.257062,0.221252,0.002325,no_change
585,42,0.590356,0.136897,0.154468,32.657699,0.100000,300,0.000000,0.181871,10.100000,0.004625,5.403296,29.900000,300,0.653154,32.657699,0.278450,0.007081,no_change
586,42,0.650512,0.120739,0.004913,18.136481,0.100000,300,0.000000,0.052369,5.400000,0.001214,1.639610,29.900000,300,0.500000,18.136481,0.104738,0.002429,no_change
587,42,0.557573,0.336605,0.023214,43.220285,0.100000,300,0.000000,0.190047,13.300000,0.000013,9.518325,29.900000,300,0.864406,43.220285,0.219859,0.000015,increase_kp
588,42,0.255843,0.109162,0.091067,21.206020,0.100000,300,0.000000,1.073137,14.900000,0.006771,2.505018,29.900000,300,0.500000,21.206020,2.146274,0.013543,reduce_ki
589,42,0.631219,0.166657,0.087633,35.902898,0.100000,300,0.000000,0.106036,11.000000,0.002143,6.521367,29.900000,300,0.718058,35.902898,0.147671,0.002984,no_change
590,42,0.450800,0.105092,0.162037,18.452558,0.100000,300,0.000000,0.398555,6.000000,0.001555,1.784046,29.900000,300,0.500000,18.452558,0.797110,0.003111,reduce_ki
591,42,1.034098,0.226789,0.135428,19.930623,0.100000,300,0.000000,0.057447,6.000000,0.000721,1.979746,29.900000,300,0.500000,19.930623,0.114894,0.001442,no_change
592,42,1.182291,0.085370,0.034891,19.804071,0.100000,300,0.000000,0.000000,5.800000,0.002376,1.944818,29.900000,300,0.500000,19.804071,0.000000,0.004752,no_change
593,42,0.715834,0.335462,0.046371,27.151423,0.100000,300,0.000000,0.123324,8.200000,0.000005,3.693108,29.900000,300,0.543028,27.151423,0.227104,0.000010,no_change
594,42,0.302897,0.224168,0.086427,15.875768,0.100000,300,0.000000,1.124923,-1.0,1.075328,2.128346,29.900000,300,0.500000,15.875768,2.249846,2.150657,increase_ki
595,42,0.775518,0.069064,0.118441,26.665073,0.100000,300,0.000000,0.015460,8.200000,0.003988,3.561402,29.900000,300,0.533301,26.665073,0.028990,0.007477,no_change
596,42,0.875209,0.072025,0.150465,39.261894,0.100000,300,0.000000,0.000000,12.100000,0.020246,7.829973,29.900000,300,0.785238,39.261894,0.000000,0.025783,increase_kp
597,42,0.168820,0.035613,0.174396,20.608795,0.100000,300,0.000000,1.956843,25.200000,0.326418,3.000159,29.900000,300,0.500000,20.608795,3.913686,0.652836,reduce_kp
598,42,0.458583,0.160143,0.052471,40.879096,0.100000,300,0.000000,0.203531,12.700000,0.000974,8.511922,29.900000,300,0.817582,40.879096,0.248943,0.001192,increase_kp
599,42,0.680487,0.223688,0.119394,33.339253,0.100000,300,0.000000,0.150728,10.200000,0.000535,5.612382,29.900000,300,0.666785,33.339253,0.226051,0.000803,no_change
600,42,0.745705,0.121774,0.169104,33.520880,0.100000,300,0.000000,0.071838,10.300000,0.007214,5.675461,29.900000,300,0.670418,33.520880,0.107154,0.010761,no_change
601,42,0.995112,0.247096,0.059489,33.434535,0.100000,300,0.000000,0.008732,10.100000,0.000212,5.620040,29.900000,300,0.668691,33.434535,0.013058,0.000318,no_change
602,42,0.193227,0.046882,0.023572,24.161400,0.100000,300,0.000000,0.869716,14.800000,0.008640,3.137325,29.900000,300,0.500000,24.161400,1.739431,0.017280,reduce_ki
603,42,0.301349,0.242703,0.102165,27.547173,0.100000,300,0.000000,1.146650,14.100000,0.001430,3.982286,29.900000,300,0.550943,27.547173,2.081248,0.002595,reduce_ki
604,42,0.251654,0.134298,0.037151,34.065049,0.100000,300,0.000000,0.908476,14.200000,0.003664,5.965571,29.900000,300,0.681301,34.065049,1.333444,0.005378,reduce_ki
605,42,0.862776,0.225841,0.199980,31.647377,0.100000,300,0.000000,0.114632,9.700000,0.001552,5.048806,29.900000,300,0.632948,31.647377,0.181107,0.002452,no_change
606,42,0.638606,0.049104,0.062916,28.530029,0.100000,300,0.000000,0.000000,8.800000,0.004120,4.085951,29.900000,300,0.570601,28.530029,0.000000,0.007220,no_change
607,42,0.158972,0.125664,0.001917,19.096041,0.100000,300,0.000000,1.934213,26.900000,0.490316,2.722045,29.900000,300,0.500000,19.096041,3.868425,0.980631,reduce_kp
608,42,0.996738,0.337340,0.101088,29.849095,0.100000,300,0.000000,0.062418,9.000000,0.000164,4.468325,29.900000,300,0.596982,29.849095,0.104557,0.000275,no_change
609,42,0.853166,0.145471,0.167978,29.660985,0.100000,300,0.000000,0.055881,9.100000,0.003840,4.423412,29.900000,300,0.593220,29.660985,0.094200,0.006474,no_change
610,42,0.190938,0.010801,0.152211,23.762697,0.100000,300,0.000000,0.506698,17.900000,0.315287,3.248818,29.900000,300,0.500000,23.762697,1.013396,0.630575,no_change
611,42,0.402338,0.188163,0.033642,28.719642,0.100000,300,0.000000,0.383929,8.800000,0.000013,4.173588,29.900000,300,0.574393,28.719642,0.668408,0.000023,reduce_ki
612,42,0.916770,0.268072,0.109945,18.396330,0.100000,300,0.000000,0.090326,5.500000,0.000167,1.687937,29.900000,300,0.500000,18.396330,0.180652,0.000335,no_change
613,42,0.225627,0.271290,0.164657,26.005853,0.100000,300,0.000000,2.006280,24.700000,0.177354,4.169982,29.900000,300,0.520117,26.005853,3.857363,0.340989,reduce_kp
614,42,1.004872,0.014564,0.143796,31.390598,0.100000,300,0.000000,0.000000,9.500000,0.049620,4.982708,29.900000,300,0.627812,31.390598,0.000000,0.079037,no_change
615,42,1.188753,0.035846,0.166014,37.540365,0.100000,300,0.000000,0.000000,11.400000,0.046772,7.153557,29.900000,300,0.750807,37.540365,0.000000,0.062295,no_change
616,42,0.427480,0.349759,0.089946,25.457309,0.100000,300,0.000000,0.679245,10.700000,0.000049,3.311855,29.900000,300,0.509146,25.457309,1.334087,0.000096,reduce_ki
617,42,0.998401,0.153674,0.198792,38.268949,0.100000,300,0.000000,0.017095,11.700000,0.002678,7.412595,29.900000,300,0.765379,38.268949,0.022335,0.003499,no_change
618,42,0.360641,0.283746,0.117585,25.518925,0.100000,300,0.000000,0.946945,12.900000,0.000074,3.399366,29.900000,300,0.510379,25.518925,1.855377,0.000144,reduce_ki
619,42,0.881829,0.221470,0.033196,19.177049,0.100000,300,0.000000,0.047142,5.700000,0.000268,1.827334,29.900000,300,0.500000,19.177049,0.094283,0.000537,no_change
620,42,0.327282,0.072430,0.011872,25.524464,0.100000,300,0.000000,0.256452,8.200000,0.003825,3.319798,29.900000,300,0.510489,25.524464,0.502365,0.007494,no_change
621,42,0.409194,0.188569,0.064731,36.121613,0.100000,300,0.000000,0.408484,11.200000,0.000132,6.633272,29.900000,300,0.722432,36.121613,0.565429,0.000183,reduce_ki
622,42,0.418267,0.093570,0.171603,44.564649,0.100000,300,0.000000,0.286664,14.200000,0.030881,10.211044,29.900000,300,0.891293,44.564649,0.321627,0.034647,increase_kp
623,42,0.847229,0.033329,0.192554,38.570731,0.100000,300,0.000000,0.000000,11.900000,0.051720,7.573646,29.900000,300,0.771415,38.570731,0.000000,0.067046,no_change
624,42,1.110646,0.347370,0.173410,18.806645,0.100000,300,0.000000,0.103309,5.600000,0.000121,1.764411,29.900000,300,0.500000,18.806645,0.206618,0.000243,no_change
625,42,1.052687,0.087387,0.142279,39.854454,0.100000,300,0.000000,0.000000,12.200000,0.021474,8.069259,29.900000,300,0.797089,39.854454,0.000000,0.026940,increase_kp
626,42,0.937621,0.236682,0.097892,32.322766,0.100000,300,0.000000,0.030912,9.800000,0.000596,5.251409,29.900000,300,0.646455,32.322766,0.047817,0.000922,no_change
627,42,0.395589,0.144979,0.090398,34.008833,0.100000,300,0.000000,0.433623,10.600000,0.000652,5.890166,29.900000,300,0.680177,34.008833,0.637516,0.000959,reduce_ki
628,42,1.068138,0.032583,0.103123,23.346771,0.100000,300,0.000000,0.000000,7.000000,0.014323,2.726063,29.900000,300,0.500000,23.346771,0.000000,0.028646,no_change
629,42,1.129970,0.129175,0.190051,24.818678,0.100000,300,0.000000,0.017943,7.500000,0.002634,3.076377,29.900000,300,0.500000,24.818678,0.035886,0.005268,no_change
630,42,0.102720,0.270947,0.146545,36.927958,0.100000,300,0.000000,2.761792,21.500000,0.090314,7.682284,29.900000,300,0.738559,36.927958,3.739433,0.122283,reduce_kp
631,42,0.604294,0.232450,0.071645,16.899921,0.100000,300,0.000000,0.205378,5.100000,0.000008,1.439149,29.900000,300,0.500000,16.899921,0.410755,0.000015,no_change
632,42,0.687867,0.076240,0.085929,21.355544,0.100000,300,0.000000,0.039198,6.600000,0.005533,2.283420,29.900000,300,0.500000,21.355544,0.078396,0.011065,no_change
633,42,0.395391,0.289920,0.067551,32.338009,0.100000,300,0.000000,0.595801,9.900000,0.000105,5.308308,29.900000,300,0.646760,32.338009,0.921208,0.000162,reduce_ki
634,42,0.722756,0.169868,0.068748,35.476558,0.100000,300,0.000000,0.040099,10.800000,0.001407,6.352465,29.900000,300,0.709531,35.476558,0.056514,0.001984,no_change
635,42,0.153250,0.034851,0.156778,28.787453,0.100000,300,0.000000,2.093181,22.100000,0.006190,4.862871,29.900000,300,0.575749,28.787453,3.635578,0.010752,reduce_kp
636,42,0.236661,0.300178,0.088257,15.020278,0.100000,300,0.000000,1.707699,-1.0,1.707699,2.530118,29.900000,300,0.500000,15.020278,3.415398,3.415398,reduce_kp
637,42,1.153835,0.070811,0.137718,18.957393,0.100000,300,0.000000,0.004159,5.600000,0.001374,1.782125,29.900000,300,0.500000,18.957393,0.008318,0.002748,no_change
638,42,0.814997,0.055642,0.186545,23.220584,0.100000,300,0.000000,0.023603,7.200000,0.008010,2.702277,29.900000,300,0.500000,23.220584,0.047207,0.016021,no_change
639,42,0.820047,0.087636,0.074369,42.114008,0.100000,300,0.000000,0.000000,13.000000,0.021712,9.037081,29.900000,300,0.842280,42.114008,0.000000,0.025777,increase_kp
640,42,0.282078,0.138720,0.061102,35.983241,0.100000,300,0.000000,0.778173,14.300000,0.001329,6.643455,29.900000,300,0.719665,35.983241,1.081300,0.001847,reduce_ki
641,42,0.357558,0.229420,0.140740,15.032589,0.100000,300,0.000000,0.985687,-1.0,0.964496,1.914706,29.900000,300,0.500000,15.032589,1.971374,1.928991,increase_ki
642,42,0.624487,0.046445,0.045238,35.399482,0.100000,300,0.000000,0.000000,10.900000,0.022930,6.347198,29.900000,300,0.707990,35.399482,0.000000,0.032388,no_change
643,42,0.110216,0.243459,0.163422,44.644647,0.100000,300,0.000000,2.760983,20.900000,0.084041,10.783569,29.900000,300,0.892893,44.644647,3.092177,0.094122,reduce_kp
644,42,0.564545,0.046261,0.014166,26.492098,0.100000,300,0.000000,0.000000,8.100000,0.004099,3.517171,29.900000,300,0.529842,26.492098,0.000000,0.007736,no_change
645,42,0.903840,0.035850,0.062670,41.429670,0.100000,300,0.000000,0.000000,12.700000,0.070652,8.762074,29.900000,300,0.828593,41.429670,0.000000,0.085268,increase_kp
646,42,0.250842,0.270711,0.150632,18.994387,0.100000,300,0.000000,1.910284,-1.0,1.910283,3.288750,29.900000,300,0.500000,18.994387,3.820568,3.820566,reduce_kp
647,42,1.192234,0.049999,0.106102,15.254242,0.100000,300,0.000000,0.000779,4.500000,0.000353,1.147343,29.900000,300,0.500000,15.254242,0.001558,0.000706,no_change
648,42,0.815022,0.154035,0.144486,33.842401,0.100000,300,0.000000,0.056209,10.300000,0.003674,5.777187,29.900000,300,0.676848,33.842401,0.083045,0.005429,no_change
649,42,0.266512,0.144098,0.137313,40.798876,0.100000,300,0.000000,1.244720,17.000000,0.004796,8.630027,29.900000,300,0.815978,40.798876,1.525434,0.005878,reduce_ki
650,42,0.195357,0.035163,0.150489,32.687218,0.100000,300,0.000000,1.179818,20.500000,0.101457,5.799088,29.900000,300,0.653744,32.687218,1.804709,0.155193,reduce_ki
651,42,0.522435,0.337137,0.062901,19.194906,0.100000,300,0.000000,0.375060,5.800000,0.000001,1.868595,29.900000,300,0.500000,19.194906,0.750120,0.000001,reduce_ki
652,42,0.404664,0.029487,0.110679,33.000236,0.100000,300,0.000000,0.025340,10.700000,0.012595,5.526213,29.900000,300,0.660005,33.000236,0.038393,0.019083,no_change
653,42,0.768352,0.272639,0.138095,40.436763,0.100000,300,0.000000,0.112244,12.400000,0.000755,8.306150,29.900000,300,0.808735,40.436763,0.138790,0.000933,increase_kp
654,42,0.824246,0.105577,0.103550,30.285677,0.100000,300,0.000000,0.016144,9.200000,0.002434,4.603982,29.900000,300,0.605714,30.285677,0.026652,0.004019,no_change
655,42,0.922628,0.103440,0.010914,41.937377,0.100000,300,0.000000,0.000000,12.800000,0.021103,8.954564,29.900000,300,0.838748,41.937377,0.000000,0.025160,increase_kp
656,42,1.150139,0.173211,0.022549,29.987476,0.100000,300,0.000000,0.000000,9.000000,0.002025,4.506593,29.900000,300,0.599750,29.987476,0.000000,0.003377,no_change
657,42,0.753323,0.184900,0.195539,44.606476,0.100000,300,0.000000,0.092921,13.900000,0.006712,10.166023,29.900000,300,0.892130,44.606476,0.104156,0.007524,increase_kp
658,42,1.127317,0.046194,0.172163,32.051412,0.100000,300,0.000000,0.000000,9.700000,0.023159,5.179956,29.900000,300,0.641028,32.051412,0.000000,0.036128,no_change
659,42,0.501954,0.239030,0.152545,43.633590,0.100000,300,0.000000,0.362057,13.700000,0.001305,9.742154,29.900000,300,0.872672,43.633590,0.414883,0.001496,reduce_ki
660,42,0.947404,0.005841,0.013507,22.865558,0.100000,300,0.000000,0.000000,6.800000,0.035051,2.625653,29.900000,300,0.500000,22.865558,0.000000,0.070102,no_change
661,42,0.143810,0.021164,0.157858,30.198318,0.100000,300,0.000000,1.764161,25.200000,0.415613,5.379741,29.900000,300,0.603966,30.198318,2.920958,0.688139,reduce_kp
662,42,0.791428,0.175367,0.083086,36.054319,0.100000,300,0.000000,0.031041,11.000000,0.001437,6.562931,29.900000,300,0.721086,36.054319,0.043047,0.001993,no_change
663,42,0.190671,0.187798,0.123209,23.324032,0.100000,300,0.000000,2.247531,28.000000,0.615818,3.749506,29.900000,300,0.500000,23.324032,4.495062,1.231636,reduce_kp
664,42,0.440898,0.178957,0.040639,39.241802,0.100000,300,0.000000,0.228966,12.200000,0.000025,7.830149,29.900000,300,0.784836,39.241802,0.291737,0.000031,increase_kp
665,42,0.690029,0.136756,0.126859,40.035794,0.100000,300,0.000000,0.045678,12.400000,0.004441,8.139486,29.900000,300,0.800716,40.035794,0.057047,0.005547,increase_kp
666,42,0.849161,0.023140,0.139735,36.898751,0.100000,300,0.000000,0.000000,11.300000,0.065060,6.925951,29.900000,300,0.737975,36.898751,0.000000,0.088160,no_change
667,42,1.031115,0.020267,0.017243,28.034508,0.100000,300,0.000000,0.000000,8.400000,0.036031,3.955471,29.900000,300,0.560690,28.034508,0.000000,0.064263,no_change
668,42,0.598709,0.213091,0.061858,37.250805,0.100000,300,0.000000,0.124106,11.400000,0.000453,7.026695,29.900000,300,0.745016,37.250805,0.166581,0.000608,no_change
669,42,0.914724,0.041805,0.141580,36.044988,0.100000,300,0.000000,0.000000,11.000000,0.034936,6.585781,29.900000,300,0.720900,36.044988,0.000000,0.048462,no_change
670,42,0.280216,0.333556,0.104601,38.489613,0.100000,300,0.000000,1.289067,15.300000,0.001550,7.641514,29.900000,300,0.769792,38.489613,1.674565,0.002014,reduce_ki
671,42,0.892842,0.058437,0.025386,38.433719,0.100000,300,0.000000,0.000000,11.700000,0.035961,7.501494,29.900000,300,0.768674,38.433719,0.000000,0.046783,no_change
672,42,0.395641,0.310245,0.154286,15.880688,0.100000,300,0.000000,0.923816,-1.0,0.923656,2.003559,29.900000,300,0.500000,15.880688,1.847633,1.847313,increase_ki
673,42,0.987819,0.095193,0.012774,36.369697,0.100000,300,0.000000,0.000000,11.000000,0.016010,6.690145,29.900000,300,0.727394,36.369697,0.000000,0.022010,no_change
674,42,0.734317,0.026975,0.091040,25.803717,0.100000,300,0.000000,0.000000,7.900000,0.018348,3.346491,29.900000,300,0.516074,25.803717,0.000000,0.035554,no_change
675,42,0.649571,0.198410,0.073538,22.653482,0.100000,300,0.000000,0.136023,6.900000,0.000234,2.573996,29.900000,300,0.500000,22.653482,0.272047,0.000469,no_change
676,42,0.213195,0.200869,0.144556,21.852133,0.100000,300,0.000000,2.092535,-1.0,1.034094,3.560163,29.900000,300,0.500000,21.852133,4.185070,2.068188,reduce_kp
677,42,0.659707,0.015413,0.172586,22.336544,0.100000,300,0.000000,0.000000,7.100000,0.010912,2.510483,29.900000,300,0.500000,22.336544,0.000000,0.021824,no_change
678,42,0.618941,0.134043,0.030017,42.934802,0.100000,300,0.000000,0.000000,13.300000,0.001255,9.385807,29.900000,300,0.858696,42.934802,0.000000,0.001461,increase_kp
679,42,1.043234,0.193503,0.182790,37.219975,0.100000,300,0.000000,0.024957,11.300000,0.002212,7.002434,29.900000,300,0.744399,37.219975,0.033526,0.002971,no_change
680,42,0.561306,0.112631,0.083251,36.608638,0.100000,300,0.000000,0.072151,11.300000,0.005087,6.788429,29.900000,300,0.732173,36.608638,0.098543,0.006947,no_change
681,42,0.398384,0.027260,0.074562,30.061228,0.100000,300,0.000000,0.019267,9.700000,0.009143,4.571204,29.900000,300,0.601225,30.061228,0.032046,0.015207,no_change
682,42,1.092135,0.062771,0.160868,44.442416,0.100000,300,0.000000,0.000000,13.700000,0.048379,10.101197,29.900000,300,0.888848,44.442416,0.000000,0.054429,increase_kp
683,42,1.149487,0.024124,0.093019,23.469206,0.100000,300,0.000000,0.000000,7.000000,0.018199,2.755787,29.900000,300,0.500000,23.469206,0.000000,0.036399,no_change
684,42,1.029331,0.114555,0.110618,15.239075,0.100000,300,0.000000,0.036162,4.500000,0.003721,1.156653,29.900000,300,0.500000,15.239075,0.072324,0.007441,no_change
685,42,0.320738,0.197332,0.060782,33.681526,0.100000,300,0.000000,0.750390,13.100000,0.000696,5.792836,29.900000,300,0.673631,33.681526,1.113949,0.001033,reduce_ki
686,42,0.610319,0.207092,0.098672,38.178398,0.100000,300,0.000000,0.132294,11.800000,0.000748,7.392818,29.900000,300,0.763568,38.178398,0.173258,0.000980,no_change
687,42,0.314965,0.315155,0.152096,22.353806,0.100000,300,0.000000,1.331932,21.900000,0.035740,3.015058,29.900000,300,0.500000,22.353806,2.663864,0.071481,reduce_ki
688,42,0.107016,0.143513,0.046600,25.392711,0.100000,300,0.000000,3.051917,29.100000,0.819363,4.570716,29.900000,300,0.507854,25.392711,6.009435,1.613382,reduce_kp
689,42,1.023531,0.307020,0.190198,15.043861,0.100000,300,0.000000,0.130572,4.500000,0.000129,1.135196,29.900000,300,0.500000,15.043861,0.261143,0.000257,no_change
690,42,0.823034,0.297152,0.145443,18.118471,0.100000,300,0.000000,0.170926,5.500000,0.000032,1.646980,29.900000,300,0.500000,18.118471,0.341852,0.000064,no_change
691,42,0.682796,0.083359,0.098406,16.796852,0.100000,300,0.000000,0.080722,5.100000,0.007352,1.424762,29.900000,300,0.500000,16.796852,0.161444,0.014703,no_change
692,42,1.196655,0.249078,0.018605,42.638232,0.100000,300,0.000000,0.000000,13.100000,0.004465,9.248996,29.900000,300,0.852765,42.638232,0.000000,0.005236,increase_kp
693,42,1.087016,0.181916,0.140169,26.174759,0.100000,300,0.000000,0.032538,7.900000,0.001826,3.425364,29.900000,300,0.523495,26.174759,0.062156,0.003488,no_change
694,42,1.172010,0.029716,0.019115,19.005416,0.100000,300,0.000000,0.000000,5.600000,0.010100,1.795630,29.900000,300,0.500000,19.005416,0.000000,0.020201,no_change
695,42,1.001959,0.026191,0.113564,28.049486,0.100000,300,0.000000,0.000000,8.500000,0.027782,3.958675,29.900000,300,0.560990,28.049486,0.000000,0.049523,no_change
696,42,1.160640,0.082870,0.052198,24.450267,0.100000,300,0.000000,0.000000,7.300000,0.005044,2.982141,29.900000,300,0.500000,24.450267,0.000000,0.010088,no_change
697,42,0.980899,0.245254,0.147071,24.541732,0.100000,300,0.000000,0.068307,7.400000,0.000637,3.012022,29.900000,300,0.500000,24.541732,0.136613,0.001274,no_change
698,42,0.399151,0.026141,0.040543,38.398109,0.100000,300,0.000000,0.000000,12.200000,0.046448,7.528696,29.900000,300,0.767962,38.398109,0.000000,0.060482,increase_kp
699,42,0.743179,0.054394,0.032875,28.981653,0.100000,300,0.000000,0.000000,8.800000,0.011595,4.220554,29.900000,300,0.579633,28.981653,0.000000,0.020004,no_change
700,42,0.547164,0.187574,0.192927,21.229087,0.100000,300,0.000000,0.402095,6.700000,0.000046,2.305438,29.900000,300,0.500000,21.229087,0.804190,0.000092,reduce_ki
701,42,0.439138,0.092753,0.023983,19.728461,0.100000,300,0.000000,0.175124,6.200000,0.002308,1.974266,29.900000,300,0.500000,19.728461,0.350249,0.004616,no_change
702,42,0.854660,0.289235,0.139376,16.209894,0.100000,300,0.000000,0.165404,4.900000,0.000054,1.319343,29.900000,300,0.500000,16.209894,0.330808,0.000108,no_change
703,42,1.019517,0.114728,0.018243,22.446564,0.100000,300,0.000000,0.000302,6.600000,0.000043,2.501484,29.900000,300,0.500000,22.446564,0.000604,0.000085,no_change
704,42,0.491317,0.179711,0.135437,22.805004,0.100000,300,0.000000,0.398441,7.100000,0.000041,2.649122,29.900000,300,0.500000,22.805004,0.796881,0.000082,reduce_ki
705,42,1.189744,0.010879,0.080878,28.566035,0.100000,300,0.000000,0.000000,8.600000,0.041398,4.110200,29.900000,300,0.571321,28.566035,0.000000,0.072460,no_change
706,42,0.922886,0.087448,0.092409,39.116903,0.100000,300,0.000000,0.000000,11.900000,0.017354,7.765390,29.900000,300,0.782338,39.116903,0.000000,0.022182,no_change
707,42,0.253772,0.004185,0.166074,44.477017,0.100000,300,0.000000,0.000000,16.400000,0.332145,10.428873,29.900000,300,0.889540,44.477017,0.000000,0.373389,increase_kp
708,42,0.243787,0.288286,0.074448,33.908926,0.100000,300,0.000000,1.459445,15.300000,0.000133,5.994056,29.900000,300,0.678179,33.908926,2.152008,0.000196,reduce_ki
709,42,0.809154,0.203813,0.051764,39.382413,0.100000,300,0.000000,0.001943,12.000000,0.000102,7.854143,29.900000,300,0.787648,39.382413,0.002467,0.000129,increase_kp
710,42,0.123980,0.022565,0.180499,28.302940,0.100000,300,0.000000,2.853041,27.100000,0.620207,5.240366,29.900000,300,0.566059,28.302940,5.040184,1.095658,reduce_kp
711,42,0.241671,0.316777,0.165871,24.946497,0.100000,300,0.000000,1.855898,-1.0,1.724115,4.371829,29.900000,300,0.500000,24.946497,3.711796,3.448230,reduce_kp
712,42,0.146966,0.161348,0.033598,32.216526,0.100000,300,0.000000,2.154928,18.200000,0.012804,5.658088,29.900000,300,0.644331,32.216526,3.344445,0.019873,reduce_kp
713,42,1.003854,0.138250,0.005896,35.496388,0.100000,300,0.000000,0.000000,10.700000,0.005931,6.357937,29.900000,300,0.709928,35.496388,0.000000,0.008354,no_change
714,42,0.290088,0.075151,0.037430,23.395637,0.100000,300,0.000000,0.478835,7.600000,0.000265,2.835624,29.900000,300,0.500000,23.395637,0.957671,0.000530,reduce_ki
715,42,1.071766,0.012127,0.123835,22.373543,0.100000,300,0.000000,0.000000,6.700000,0.022988,2.508292,29.900000,300,0.500000,22.373543,0.000000,0.045975,no_change
716,42,0.424616,0.144197,0.110138,16.829372,0.100000,300,0.000000,0.451592,5.300000,0.000085,1.490727,29.900000,300,0.500000,16.829372,0.903184,0.000170,reduce_ki
717,42,0.407754,0.048033,0.039892,41.539575,0.100000,300,0.000000,0.000000,13.100000,0.009486,8.801660,29.900000,300,0.830792,41.539575,0.000000,0.011418,increase_kp
718,42,0.678395,0.220764,0.160434,38.845387,0.100000,300,0.000000,0.148275,12.000000,0.001193,7.662655,29.900000,300,0.776908,38.845387,0.190853,0.001535,increase_kp
719,42,1.188344,0.273671,0.071822,31.335534,0.100000,300,0.000000,0.000000,9.400000,0.000018,4.922971,29.900000,300,0.626711,31.335534,0.000000,0.000029,no_change
720,42,0.633147,0.319437,0.100479,26.651438,0.100000,300,0.000000,0.240485,8.100000,0.000000,3.571231,29.900000,300,0.533029,26.651438,0.451167,0.000001,no_change
721,42,0.297797,0.111607,0.043804,41.872943,0.100000,300,0.000000,0.458559,13.200000,0.004578,8.991521,29.900000,300,0.837459,41.872943,0.547560,0.005467,reduce_ki
722,42,0.956392,0.020507,0.198306,30.882969,0.100000,300,0.000000,0.000000,9.400000,0.038722,4.819724,29.900000,300,0.617659,30.882969,0.000000,0.062692,no_change
723,42,0.943526,0.349862,0.194796,18.004030,0.100000,300,0.000000,0.161047,5.400000,0.000024,1.624518,29.900000,300,0.500000,18.004030,0.322094,0.000047,no_change
724,42,0.822551,0.093284,0.163257,42.517784,0.100000,300,0.000000,0.000000,13.200000,0.009437,9.208659,29.900000,300,0.850356,42.517784,0.000000,0.011098,increase_kp
725,42,0.161500,0.348737,0.043882,40.395153,0.100000,300,0.000000,1.763165,17.000000,0.000049,8.518755,29.900000,300,0.807903,40.395153,2.182397,0.000061,reduce_kp
726,42,0.977130,0.124182,0.167844,40.356627,0.100000,300,0.000000,0.000000,12.400000,0.005768,8.268207,29.900000,300,0.807133,40.356627,0.000000,0.007146,increase_kp
727,42,0.293710,0.207382,0.161242,35.928797,0.100000,300,0.000000,1.368217,15.600000,0.011484,6.700642,29.900000,300,0.718576,35.928797,1.904067,0.015982,reduce_ki
728,42,1.105378,0.009872,0.140112,43.426762,0.100000,300,0.000000,0.000000,13.400000,0.109423,9.659019,29.900000,300,0.868535,43.426762,0.000000,0.125986,increase_kp
729,42,0.719967,0.197088,0.037647,44.640186,0.100000,300,0.000000,0.003781,13.800000,0.000251,10.160995,29.900000,300,0.892804,44.640186,0.004235,0.000282,increase_kp
730,42,1.069789,0.172279,0.061811,29.713093,0.100000,300,0.000000,0.000000,8.900000,0.000158,4.419745,29.900000,300,0.594262,29.713093,0.000000,0.000267,no_change
731,42,0.199283,0.081418,0.043762,30.793455,0.100000,300,0.000000,1.171142,15.400000,0.006742,4.980895,29.900000,300,0.615869,30.793455,1.901609,0.010947,reduce_ki
732,42,0.100752,0.321264,0.040293,18.914686,0.100000,300,0.000000,2.414889,-1.0,2.259713,3.630831,29.900000,300,0.500000,18.914686,4.829779,4.519427,reduce_kp
733,42,0.888631,0.321573,0.168857,24.707664,0.100000,300,0.000000,0.134181,7.500000,0.000072,3.059592,29.900000,300,0.500000,24.707664,0.268363,0.000144,no_change
734,42,0.124104,0.205313,0.183445,38.230995,0.100000,300,0.000000,2.979242,21.400000,0.161720,8.132255,29.900000,300,0.764620,38.230995,3.896370,0.211504,reduce_kp
735,42,1.031129,0.301234,0.192112,26.207723,0.100000,300,0.000000,0.090779,7.900000,0.000387,3.441158,29.900000,300,0.524154,26.207723,0.173192,0.000738,no_change
736,42,1.136116,0.138458,0.020206,24.052955,0.100000,300,0.000000,0.000000,7.100000,0.001137,2.879817,29.900000,300,0.500000,24.052955,0.000000,0.002274,no_change
737,42,0.250097,0.055126,0.189739,38.755276,0.100000,300,0.000000,0.936680,18.900000,0.052492,7.888827,29.900000,300,0.775106,38.755276,1.208455,0.067723,reduce_ki
738,42,1.156728,0.227213,0.034841,44.062287,0.100000,300,0.000000,0.000000,13.600000,0.005257,9.895466,29.900000,300,0.881246,44.062287,0.000000,0.005965,increase_kp
739,42,0.862916,0.325096,0.157398,21.697116,0.100000,300,0.000000,0.167810,6.600000,0.000034,2.358949,29.900000,300,0.500000,21.697116,0.335620,0.000069,no_change
740,42,0.747845,0.061373,0.061365,35.654953,0.100000,300,0.000000,0.000000,10.900000,0.018723,6.433611,29.900000,300,0.713099,35.654953,0.000000,0.026256,no_change
741,42,0.240083,0.255091,0.189758,43.460945,0.100000,300,0.000000,1.830007,18.100000,0.037140,9.871418,29.900000,300,0.869219,43.460945,2.105346,0.042728,reduce_kp
742,42,0.530762,0.347999,0.193037,15.971482,0.100000,300,0.000000,0.623932,-1.0,0.598017,1.752190,29.900000,300,0.500000,15.971482,1.247865,1.196034,no_change
743,42,0.762628,0.322363,0.193506,21.626858,0.100000,300,0.000000,0.249158,6.600000,0.000001,2.354426,29.900000,300,0.500000,21.626858,0.498316,0.000001,no_change
744,42,0.722105,0.327841,0.028129,37.360300,0.100000,300,0.000000,0.073101,11.400000,0.000050,7.055426,29.900000,300,0.747206,37.360300,0.097832,0.000067,no_change
745,42,0.361796,0.343833,0.033577,41.559608,0.100000,300,0.000000,0.667963,12.800000,0.000341,8.819177,29.900000,300,0.831192,41.559608,0.803621,0.000411,reduce_ki
746,42,0.197599,0.248138,0.127821,41.599605,0.100000,300,0.000000,1.900682,17.800000,0.037879,9.067934,29.900000,300,0.831992,41.599605,2.284495,0.045528,reduce_kp
747,42,0.591293,0.092824,0.049908,17.033843,0.100000,300,0.000000,0.094742,5.200000,0.003983,1.463373,29.900000,300,0.500000,17.033843,0.189484,0.007966,no_change
748,42,0.382324,0.037812,0.000256,26.578113,0.100000,300,0.000000,0.047836,8.400000,0.011169,3.561147,29.900000,300,0.531562,26.578113,0.089991,0.021012,no_change
749,42,0.905843,0.339186,0.176910,29.792460,0.100000,300,0.000000,0.126928,9.100000,0.000107,4.461823,29.900000,300,0.595849,29.792460,0.213020,0.000180,no_change
750,42,0.516584,0.191108,0.020286,29.384678,0.100000,300,0.000000,0.178989,9.000000,0.000105,4.346864,29.900000,300,0.587694,29.384678,0.304562,0.000179,no_change
751,42,1.050456,0.227839,0.137432,19.879695,0.100000,300,0.000000,0.053356,5.900000,0.000708,1.968885,29.900000,300,0.500000,19.879695,0.106712,0.001415,no_change
752,42,0.181080,0.296017,0.058982,24.561507,0.100000,300,0.000000,1.885572,-1.0,1.778221,4.323800,29.900000,300,0.500000,24.561507,3.771144,3.556441,reduce_kp
753,42,1.146828,0.025970,0.034021,26.263737,0.100000,300,0.000000,0.000000,7.800000,0.026296,3.461480,29.900000,300,0.525275,26.263737,0.000000,0.050062,no_change
754,42,0.905184,0.191466,0.179625,17.793141,0.100000,300,0.000000,0.109042,5.400000,0.001341,1.590352,29.900000,300,0.500000,17.793141,0.218084,0.002681,no_change
755,42,0.753434,0.214776,0.096547,15.929796,0.100000,300,0.000000,0.148842,4.800000,0.000221,1.276054,29.900000,300,0.500000,15.929796,0.297685,0.000442,no_change
756,42,1.136686,0.057749,0.177951,19.713113,0.100000,300,0.000000,0.002547,5.900000,0.001071,1.929785,29.900000,300,0.500000,19.713113,0.005095,0.002142,no_change
757,42,0.211384,0.071943,0.037997,35.915901,0.100000,300,0.000000,0.898316,16.100000,0.020392,6.689907,29.900000,300,0.718318,35.915901,1.250582,0.028388,reduce_ki
758,42,0.894242,0.255491,0.053053,23.445692,0.100000,300,0.000000,0.054003,7.000000,0.000211,2.741117,29.900000,300,0.500000,23.445692,0.108005,0.000422,no_change
759,42,0.361303,0.017372,0.114354,40.195635,0.100000,300,0.000000,0.000000,13.200000,0.066024,8.300861,29.900000,300,0.803913,40.195635,0.000000,0.082128,increase_kp
760,42,0.268949,0.126290,0.085521,23.836483,0.100000,300,0.000000,1.009860,13.900000,0.001042,3.033987,29.900000,300,0.500000,23.836483,2.019719,0.002085,reduce_ki
761,42,0.828222,0.210075,0.039935,15.772071,0.100000,300,0.000000,0.072884,4.700000,0.000280,1.238057,29.900000,300,0.500000,15.772071,0.145768,0.000560,no_change
762,42,0.287915,0.102134,0.016387,40.313072,0.100000,300,0.000000,0.404832,12.700000,0.002145,8.315760,29.900000,300,0.806261,40.313072,0.502110,0.002661,reduce_ki
763,42,0.439189,0.139114,0.097819,34.831202,0.100000,300,0.000000,0.299180,10.900000,0.000582,6.168032,29.900000,300,0.696624,34.831202,0.429471,0.000835,no_change
764,42,0.200251,0.190444,0.036976,41.564781,0.100000,300,0.000000,1.526371,16.700000,0.019037,8.960235,29.900000,300,0.831296,41.564781,1.836135,0.022900,reduce_kp
765,42,0.506342,0.156021,0.052659,28.951739,0.100000,300,0.000000,0.192571,8.900000,0.000518,4.228474,29.900000,300,0.579035,28.951739,0.332573,0.000894,no_change
766,42,0.348867,0.093997,0.012328,37.567054,0.100000,300,0.000000,0.193662,11.800000,0.003679,7.179994,29.900000,300,0.751341,37.567054,0.257756,0.004896,no_change
767,42,0.834215,0.029998,0.068758,31.243470,0.100000,300,0.000000,0.000000,9.500000,0.035706,4.930031,29.900000,300,0.624869,31.243470,0.000000,0.057141,no_change
768,42,1.167776,0.206404,0.110720,40.223915,0.100000,300,0.000000,0.000000,12.300000,0.003285,8.205908,29.900000,300,0.804478,40.223915,0.000000,0.004083,increase_kp
769,42,1.000246,0.146521,0.107103,41.006820,0.100000,300,0.000000,0.000000,12.600000,0.006913,8.542672,29.900000,300,0.820136,41.006820,0.000000,0.008429,increase_kp
770,42,0.622307,0.308579,0.095252,17.368651,0.100000,300,0.000000,0.274173,5.300000,0.000000,1.523290,29.900000,300,0.500000,17.368651,0.548346,0.000000,no_change
771,42,1.093055,0.250007,0.100420,42.013652,0.100000,300,0.000000,0.000000,12.900000,0.001388,8.970053,29.900000,300,0.840273,42.013652,0.000000,0.001651,increase_kp
772,42,0.980495,0.237137,0.124055,18.608456,0.100000,300,0.000000,0.066125,5.600000,0.000443,1.725637,29.900000,300,0.500000,18.608456,0.132251,0.000886,no_change
773,42,0.932908,0.060508,0.196874,44.164946,0.100000,300,0.000000,0.000000,13.700000,0.041695,9.974757,29.900000,300,0.883299,44.164946,0.000000,0.047204,increase_kp
774,42,0.989307,0.044165,0.084675,44.648398,0.100000,300,0.000000,0.000000,13.800000,0.072675,10.209225,29.900000,300,0.892968,44.648398,0.000000,0.081386,increase_kp
775,42,0.578933,0.349044,0.125445,40.023244,0.100000,300,0.000000,0.331570,12.300000,0.000051,8.148103,29.900000,300,0.800465,40.023244,0.414222,0.000064,reduce_ki
776,42,0.383675,0.318782,0.182835,17.010359,0.100000,300,0.000000,1.131348,-1.0,1.131348,2.343954,29.900000,300,0.500000,17.010359,2.262697,2.262697,increase_ki
777,42,0.526909,0.139074,0.065225,23.286025,0.100000,300,0.000000,0.198298,7.200000,0.000910,2.736799,29.900000,300,0.500000,23.286025,0.396597,0.001819,no_change
778,42,0.603973,0.305713,0.157310,33.691738,0.100000,300,0.000000,0.329914,10.400000,0.000006,5.746760,29.900000,300,0.673835,33.691738,0.489607,0.000008,reduce_ki
779,42,0.674818,0.146858,0.082888,19.445992,0.100000,300,0.000000,0.107554,5.900000,0.001284,1.898382,29.900000,300,0.500000,19.445992,0.215108,0.002568,no_change
780,42,0.746728,0.265432,0.187930,42.747845,0.100000,300,0.000000,0.156346,13.300000,0.001273,9.316493,29.900000,300,0.854957,42.747845,0.182870,0.001489,increase_kp
781,42,0.718952,0.035347,0.057219,31.069004,0.100000,300,0.000000,0.000000,9.500000,0.027525,4.872970,29.900000,300,0.621380,31.069004,0.000000,0.044297,no_change
782,42,0.478256,0.143812,0.076609,29.567544,0.100000,300,0.000000,0.245434,9.200000,0.000682,4.423890,29.900000,300,0.591351,29.567544,0.415040,0.001153,no_change
783,42,0.769858,0.013113,0.055083,19.315580,0.100000,300,0.000000,0.000000,5.800000,0.017091,1.867941,29.900000,300,0.500000,19.315580,0.000000,0.034183,no_change
784,42,0.769521,0.242781,0.007757,41.687226,0.100000,300,0.000000,0.000000,12.800000,0.000084,8.824512,29.900000,300,0.833745,41.687226,0.000000,0.000101,increase_kp
785,42,0.464643,0.083153,0.149150,42.625049,0.100000,300,0.000000,0.145267,13.500000,0.024861,9.297060,29.900000,300,0.852501,42.625049,0.170401,0.029162,increase_kp
786,42,1.086734,0.007082,0.163477,24.091649,0.100000,300,0.000000,0.000000,7.300000,0.031535,2.917019,29.900000,300,0.500000,24.091649,0.000000,0.063071,no_change
787,42,0.408381,0.172067,0.139237,17.946522,0.100000,300,0.000000,0.642361,10.100000,0.000113,1.735836,29.900000,300,0.500000,17.946522,1.284721,0.000226,reduce_ki
788,42,1.055790,0.047035,0.194844,28.293318,0.100000,300,0.000000,0.000000,8.600000,0.010398,4.017820,29.900000,300,0.565866,28.293318,0.000000,0.018376,no_change
789,42,1.008406,0.094297,0.083355,34.366644,0.100000,300,0.000000,0.000000,10.400000,0.010572,5.958265,29.900000,300,0.687333,34.366644,0.000000,0.015381,no_change
790,42,0.306729,0.073987,0.164794,37.228344,0.100000,300,0.000000,0.665300,12.000000,0.010481,7.177258,29.900000,300,0.744567,37.228344,0.893540,0.014077,reduce_ki
791,42,0.935443,0.303516,0.164203,30.458091,0.100000,300,0.000000,0.104548,9.200000,0.000347,4.663979,29.900000,300,0.609162,30.458091,0.171626,0.000569,no_change
792,42,0.274870,0.108893,0.101359,19.069495,0.100000,300,0.000000,0.975777,14.600000,0.008337,2.075521,29.900000,300,0.500000,19.069495,1.951554,0.016675,reduce_ki
793,42,1.036425,0.307766,0.005790,20.782903,0.100000,300,0.000000,0.019905,6.100000,0.000050,2.141874,29.900000,300,0.500000,20.782903,0.039809,0.000100,no_change
794,42,1.016223,0.292942,0.049898,28.693460,0.100000,300,0.000000,0.024525,8.600000,0.000167,4.119119,29.900000,300,0.573869,28.693460,0.042736,0.000291,no_change
795,42,1.109834,0.246622,0.054795,39.705189,0.100000,300,0.000000,0.000000,12.100000,0.001246,7.986447,29.900000,300,0.794104,39.705189,0.000000,0.001570,increase_kp
796,42,0.655639,0.222393,0.024775,15.916896,0.100000,300,0.000000,0.122939,4.800000,0.000041,1.266444,29.900000,300,0.500000,15.916896,0.245877,0.000083,no_change
797,42,0.509713,0.207915,0.035517,41.114423,0.100000,300,0.000000,0.165829,12.700000,0.000251,8.599641,29.900000,300,0.822288,41.114423,0.201667,0.000305,increase_kp
798,42,0.745568,0.122416,0.032703,41.834758,0.100000,300,0.000000,0.000000,12.800000,0.007288,8.903538,29.900000,300,0.836695,41.834758,0.000000,0.008710,increase_kp
799,42,0.923857,0.241098,0.057014,26.596970,0.100000,300,0.000000,0.035862,8.000000,0.000332,3.534951,29.900000,300,0.531939,26.596970,0.067417,0.000625,no_change
800,42,0.279198,0.200290,0.192984,40.713336,0.100000,300,0.000000,1.504159,17.100000,0.018709,8.623284,29.900000,300,0.814267,40.713336,1.847256,0.022976,reduce_kp
801,42,0.812118,0.237193,0.053817,27.285216,0.100000,300,0.000000,0.075965,8.200000,0.000367,3.728175,29.900000,300,0.545704,27.285216,0.139206,0.000672,no_change
802,42,0.122058,0.273106,0.153515,15.266940,0.100000,300,0.000000,3.541246,-1.0,3.539870,4.039478,29.900000,300,0.500000,15.266940,7.082491,7.079740,reduce_kp
803,42,1.102667,0.226580,0.120228,15.253912,0.100000,300,0.000000,0.050423,4.500000,0.000617,1.156283,29.900000,300,0.500000,15.253912,0.100847,0.001235,no_change
804,42,0.377629,0.281780,0.061092,44.010733,0.100000,300,0.000000,0.595185,13.700000,0.001266,9.919947,29.900000,300,0.880215,44.010733,0.676182,0.001438,reduce_ki
805,42,0.807014,0.148332,0.075295,25.461276,0.100000,300,0.000000,0.051667,7.700000,0.002014,3.244060,29.900000,300,0.509226,25.461276,0.101462,0.003955,no_change
806,42,0.377199,0.163344,0.135439,39.729325,0.100000,300,0.000000,0.568628,12.500000,0.003480,8.085895,29.900000,300,0.794586,39.729325,0.715627,0.004380,reduce_ki
807,42,0.536868,0.035809,0.102303,34.870664,0.100000,300,0.000000,0.000000,10.900000,0.013555,6.159534,29.900000,300,0.697413,34.870664,0.000000,0.019436,no_change
808,42,1.027612,0.130980,0.129468,33.271503,0.100000,300,0.000000,0.000000,10.100000,0.001473,5.569293,29.900000,300,0.665430,33.271503,0.000000,0.002213,no_change
809,42,0.428324,0.037837,0.012767,44.650829,0.100000,300,0.000000,0.000000,14.100000,0.060304,10.234254,29.900000,300,0.893017,44.650829,0.000000,0.067529,increase_kp
810,42,0.804654,0.301522,0.052229,36.332813,0.100000,300,0.000000,0.046779,11.000000,0.000150,6.663720,29.900000,300,0.726656,36.332813,0.064375,0.000207,no_change
811,42,1.081611,0.104577,0.029986,37.964232,0.100000,300,0.000000,0.000000,11.500000,0.016095,7.300279,29.900000,300,0.759285,37.964232,0.000000,0.021197,no_change
812,42,1.089656,0.281900,0.160473,33.000999,0.100000,300,0.000000,0.044196,10.000000,0.000791,5.479669,29.900000,300,0.660020,33.000999,0.066962,0.001198,no_change
813,42,0.826583,0.238265,0.144257,34.662017,0.100000,300,0.000000,0.095943,10.600000,0.001097,6.065632,29.900000,300,0.693240,34.662017,0.138397,0.001583,no_change
814,42,1.197216,0.090799,0.083713,26.648248,0.100000,300,0.000000,0.000000,8.000000,0.005779,3.550988,29.900000,300,0.532965,26.648248,0.000000,0.010843,no_change
815,42,0.138851,0.247824,0.114408,20.697455,0.100000,300,0.000000,2.620257,-1.0,2.412992,4.034577,29.900000,300,0.500000,20.697455,5.240514,4.825983,reduce_kp
816,42,0.899205,0.077827,0.106927,38.546912,0.100000,300,0.000000,0.000000,11.800000,0.019252,7.538671,29.900000,300,0.770938,38.546912,0.000000,0.024973,no_change
817,42,1.097179,0.235154,0.101463,40.362577,0.100000,300,0.000000,0.000000,12.300000,0.000961,8.260275,29.900000,300,0.807252,40.362577,0.000000,0.001191,increase_kp
818,42,1.024703,0.306773,0.036227,17.928092,0.100000,300,0.000000,0.058756,5.300000,0.000097,1.594277,29.900000,300,0.500000,17.928092,0.117511,0.000193,no_change
819,42,0.240739,0.090528,0.161669,37.887547,0.100000,300,0.000000,1.285348,17.900000,0.061581,7.522518,29.900000,300,0.757751,37.887547,1.696267,0.081268,reduce_ki
820,42,0.301375,0.237899,0.067126,17.678995,0.100000,300,0.000000,1.081095,21.900000,0.160289,2.063196,29.900000,300,0.500000,17.678995,2.162190,0.320578,reduce_ki
821,42,0.490812,0.260473,0.061417,38.642713,0.100000,300,0.000000,0.306567,11.900000,0.000019,7.585503,29.900000,300,0.772854,38.642713,0.396669,0.000024,reduce_ki
822,42,0.464449,0.091196,0.058810,40.536417,0.100000,300,0.000000,0.068829,12.700000,0.007629,8.362599,29.900000,300,0.810728,40.536417,0.084898,0.009409,increase_kp
823,42,0.617590,0.303238,0.116715,43.329030,0.100000,300,0.000000,0.209363,13.400000,0.000095,9.577560,29.900000,300,0.866581,43.329030,0.241597,0.000110,increase_kp
824,42,0.178337,0.311299,0.100095,41.024933,0.100000,300,0.000000,1.932618,17.700000,0.023580,8.829773,29.900000,300,0.820499,41.024933,2.355419,0.028738,reduce_kp
825,42,0.519836,0.104425,0.010812,40.627193,0.100000,300,0.000000,0.003502,12.600000,0.000463,8.380253,29.900000,300,0.812544,40.627193,0.004310,0.000570,increase_kp
826,42,0.251102,0.070104,0.081838,32.082108,0.100000,300,0.000000,0.732156,14.900000,0.009084,5.344665,29.900000,300,0.641642,32.082108,1.141066,0.014157,reduce_ki
827,42,1.097283,0.160150,0.063277,36.470054,0.100000,300,0.000000,0.000000,11.000000,0.003909,6.716084,29.900000,300,0.729401,36.470054,0.000000,0.005359,no_change
828,42,0.956835,0.170653,0.126207,20.304728,0.100000,300,0.000000,0.048273,6.100000,0.001538,2.056397,29.900000,300,0.500000,20.304728,0.096546,0.003077,no_change
829,42,0.797949,0.001650,0.054706,37.835798,0.100000,300,0.000000,0.000000,11.500000,0.128256,7.313745,29.900000,300,0.756716,37.835798,0.000000,0.169491,no_change
830,42,0.285466,0.267569,0.097915,37.907075,0.100000,300,0.000000,1.224077,15.100000,0.001539,7.403790,29.900000,300,0.758142,37.907075,1.614576,0.002030,reduce_ki
831,42,0.196845,0.215068,0.126698,27.101804,0.100000,300,0.000000,2.138942,21.900000,0.043360,4.351467,29.900000,300,0.542036,27.101804,3.946125,0.079995,reduce_kp
832,42,1.161861,0.134161,0.007545,20.982428,0.100000,300,0.000000,0.000000,6.200000,0.000152,2.181248,29.900000,300,0.500000,20.982428,0.000000,0.000304,no_change
833,42,0.510412,0.004927,0.064443,39.996860,0.100000,300,0.000000,0.000000,12.500000,0.190520,8.238358,29.900000,300,0.799937,39.996860,0.000000,0.238169,increase_kp
834,42,0.309634,0.236862,0.125337,22.464694,0.100000,300,0.000000,1.178861,16.200000,0.000363,2.815614,29.900000,300,0.500000,22.464694,2.357722,0.000725,reduce_ki
835,42,0.862877,0.120522,0.025786,26.506514,0.100000,300,0.000000,0.000000,8.000000,0.000592,3.507939,29.900000,300,0.530130,26.506514,0.000000,0.001117,no_change
836,42,0.747538,0.058457,0.164769,23.946068,0.100000,300,0.000000,0.031544,7.500000,0.009190,2.877882,29.900000,300,0.500000,23.946068,0.063088,0.018379,no_change
837,42,0.419911,0.254741,0.119274,25.135055,0.100000,300,0.000000,0.674218,11.000000,0.000031,3.237786,29.900000,300,0.502701,25.135055,1.341190,0.000062,reduce_ki
838,42,1.076771,0.348415,0.068547,42.041513,0.100000,300,0.000000,0.000000,12.900000,0.000058,8.977053,29.900000,300,0.840830,42.041513,0.000000,0.000069,increase_kp
839,42,0.495176,0.065949,0.189617,42.546162,0.100000,300,0.000000,0.083299,13.600000,0.027032,9.258869,29.900000,300,0.850923,42.546162,0.097893,0.031768,increase_kp
840,42,0.543731,0.079946,0.145434,18.936173,0.100000,300,0.000000,0.165157,6.100000,0.010078,1.838462,29.900000,300,0.500000,18.936173,0.330315,0.020156,no_change
841,42,0.907484,0.206392,0.033797,25.997744,0.100000,300,0.000000,0.026319,7.800000,0.000451,3.374067,29.900000,300,0.519955,25.997744,0.050619,0.000867,no_change
842,42,0.815594,0.013077,0.175309,22.673675,0.100000,300,0.000000,0.000000,7.000000,0.020575,2.584918,29.900000,300,0.500000,22.673675,0.000000,0.041150,no_change
843,42,0.688207,0.017005,0.198936,34.859097,0.100000,300,0.000000,0.000000,10.900000,0.062094,6.185813,29.900000,300,0.697182,34.859097,0.000000,0.089064,no_change
844,42,0.818924,0.006910,0.137950,27.503267,0.100000,300,0.000000,0.000000,8.400000,0.052565,3.826739,29.900000,300,0.550065,27.503267,0.000000,0.095562,no_change
845,42,0.518279,0.191549,0.094879,19.593813,0.100000,300,0.000000,0.328801,6.000000,0.000000,1.950455,29.900000,300,0.500000,19.593813,0.657601,0.000001,reduce_ki
846,42,0.864711,0.220609,0.060223,34.849937,0.100000,300,0.000000,0.020065,10.600000,0.000482,6.118982,29.900000,300,0.696999,34.849937,0.028788,0.000692,no_change
847,42,0.828731,0.094492,0.121127,19.114906,0.100000,300,0.000000,0.049308,5.800000,0.005782,1.829176,29.900000,300,0.500000,19.114906,0.098616,0.011564,no_change
848,42,1.013718,0.036720,0.143753,18.532037,0.100000,300,0.000000,0.000000,5.600000,0.001147,1.704752,29.900000,300,0.500000,18.532037,0.000000,0.002294,no_change
849,42,0.225414,0.037192,0.039729,20.992482,0.100000,300,0.000000,0.560796,12.600000,0.022531,2.394286,29.900000,300,0.500000,20.992482,1.121592,0.045062,reduce_ki
850,42,0.389293,0.183101,0.040335,36.103103,0.100000,300,0.000000,0.399517,11.200000,0.000078,6.623474,29.900000,300,0.722062,36.103103,0.553300,0.000108,reduce_ki
851,42,0.424886,0.013792,0.099271,21.230820,0.100000,300,0.000000,0.013912,7.100000,0.009255,2.282603,29.900000,300,0.500000,21.230820,0.027823,0.018510,no_change
852,42,1.126437,0.115711,0.000548,35.148994,0.100000,300,0.000000,0.000000,10.600000,0.011040,6.234570,29.900000,300,0.702980,35.148994,0.000000,0.015705,no_change
853,42,1.097568,0.292331,0.133804,19.474335,0.100000,300,0.000000,0.059072,5.800000,0.000246,1.887345,29.900000,300,0.500000,19.474335,0.118144,0.000493,no_change
854,42,0.199091,0.179097,0.144713,18.038714,0.100000,300,0.000000,2.302970,-1.0,2.200494,3.372071,29.900000,300,0.500000,18.038714,4.605940,4.400988,reduce_kp
855,42,0.381481,0.080906,0.197733,23.880665,0.100000,300,0.000000,0.537860,12.100000,0.005203,2.992981,29.900000,300,0.500000,23.880665,1.075719,0.010405,reduce_ki
856,42,0.610705,0.034933,0.034940,16.183336,0.100000,300,0.000000,0.016082,4.900000,0.005651,1.307590,29.900000,300,0.500000,16.183336,0.032164,0.011302,no_change
857,42,0.419624,0.280559,0.062541,37.156206,0.100000,300,0.000000,0.489645,11.400000,0.000117,7.017616,29.900000,300,0.743124,37.156206,0.658900,0.000158,reduce_ki
858,42,0.204498,0.265371,0.009178,40.559962,0.100000,300,0.000000,1.334283,15.700000,0.002329,8.487195,29.900000,300,0.811199,40.559962,1.644828,0.002871,reduce_ki
859,42,0.829691,0.059679,0.071505,28.131436,0.100000,300,0.000000,0.000000,8.500000,0.007188,3.968801,29.900000,300,0.562629,28.131436,0.000000,0.012776,no_change
860,42,0.783988,0.307466,0.018590,39.448929,0.100000,300,0.000000,0.038358,12.000000,0.000151,7.881525,29.900000,300,0.788979,39.448929,0.048618,0.000191,increase_kp
861,42,0.301156,0.140272,0.192462,23.154993,0.100000,300,0.000000,1.250699,16.200000,0.011332,2.981748,29.900000,300,0.500000,23.154993,2.501398,0.022665,reduce_ki
862,42,0.524287,0.297735,0.159980,34.465395,0.100000,300,0.000000,0.483391,10.600000,0.000159,6.031832,29.900000,300,0.689308,34.465395,0.701270,0.000231,reduce_ki
863,42,0.976601,0.039570,0.139234,16.759392,0.100000,300,0.000000,0.001876,5.000000,0.000924,1.392462,29.900000,300,0.500000,16.759392,0.003751,0.001848,no_change
864,42,1.136714,0.055788,0.083206,32.722509,0.100000,300,0.000000,0.000000,9.900000,0.023927,5.400274,29.900000,300,0.654450,32.722509,0.000000,0.036560,no_change
865,42,0.982491,0.237438,0.036252,26.392523,0.100000,300,0.000000,0.013528,7.900000,0.000189,3.475874,29.900000,300,0.527850,26.392523,0.025629,0.000358,no_change
866,42,0.494459,0.010086,0.136893,40.156094,0.100000,300,0.000000,0.000000,12.800000,0.146831,8.298074,29.900000,300,0.803122,40.156094,0.000000,0.182826,increase_kp
867,42,1.170789,0.045729,0.184080,18.388124,0.100000,300,0.000000,0.000000,5.500000,0.000150,1.676210,29.900000,300,0.500000,18.388124,0.000000,0.000300,no_change
868,42,0.552413,0.016090,0.052323,24.427138,0.100000,300,0.000000,0.000000,7.600000,0.023734,3.007822,29.900000,300,0.500000,24.427138,0.000000,0.047467,no_change
869,42,0.875025,0.237275,0.153506,32.299470,0.100000,300,0.000000,0.077299,9.800000,0.000983,5.253377,29.900000,300,0.645989,32.299470,0.119660,0.001521,no_change
870,42,0.721513,0.342263,0.133969,25.149019,0.100000,300,0.000000,0.242032,7.700000,0.000000,3.177670,29.900000,300,0.502980,25.149019,0.481196,0.000001,no_change
871,42,0.675413,0.245203,0.019048,34.851398,0.100000,300,0.000000,0.077526,10.600000,0.000218,6.125015,29.900000,300,0.697028,34.851398,0.111223,0.000313,no_change
872,42,0.373435,0.121012,0.135259,26.546299,0.100000,300,0.000000,0.559972,11.700000,0.000993,3.625991,29.900000,300,0.530926,26.546299,1.054708,0.001869,reduce_ki
873,42,1.022936,0.195420,0.197558,16.636983,0.100000,300,0.000000,0.084442,5.000000,0.001582,1.387379,29.900000,300,0.500000,16.636983,0.168884,0.003164,no_change
874,42,0.807739,0.054925,0.169769,40.556135,0.100000,300,0.000000,0.000000,12.500000,0.028896,8.374735,29.900000,300,0.811123,40.556135,0.000000,0.035624,increase_kp
875,42,1.056357,0.026203,0.098330,22.226755,0.100000,300,0.000000,0.000000,6.600000,0.014386,2.468970,29.900000,300,0.500000,22.226755,0.000000,0.028773,no_change
876,42,1.167160,0.017623,0.044541,34.299519,0.100000,300,0.000000,0.000000,10.300000,0.055547,5.956491,29.900000,300,0.685990,34.299519,0.000000,0.080974,no_change
877,42,0.543605,0.082250,0.091819,39.037839,0.100000,300,0.000000,0.021441,12.200000,0.004358,7.735113,29.900000,300,0.780757,39.037839,0.027462,0.005582,increase_kp
878,42,0.592908,0.299806,0.089414,18.561206,0.100000,300,0.000000,0.314804,5.600000,0.000000,1.740806,29.900000,300,0.500000,18.561206,0.629609,0.000000,reduce_ki
879,42,0.647111,0.228681,0.020529,27.370156,0.100000,300,0.000000,0.107768,8.300000,0.000117,3.755247,29.900000,300,0.547403,27.370156,0.196871,0.000214,no_change
880,42,0.712844,0.000059,0.018179,33.126098,0.100000,300,0.000000,0.000000,10.100000,0.114452,5.591746,29.900000,300,0.662522,33.126098,0.000000,0.172751,no_change
881,42,0.780973,0.106609,0.101668,21.205537,0.100000,300,0.000000,0.045449,6.400000,0.003729,2.248766,29.900000,300,0.500000,21.205537,0.090899,0.007458,no_change
882,42,0.838622,0.332624,0.072668,16.628256,0.100000,300,0.000000,0.139022,4.900000,0.000011,1.379520,29.900000,300,0.500000,16.628256,0.278043,0.000021,no_change
883,42,0.345210,0.159061,0.112030,33.592739,0.100000,300,0.000000,0.698054,13.300000,0.000598,5.778003,29.900000,300,0.671855,33.592739,1.038995,0.000890,reduce_ki
884,42,0.620447,0.230009,0.143183,18.420701,0.100000,300,0.000000,0.296495,5.700000,0.000006,1.722176,29.900000,300,0.500000,18.420701,0.592990,0.000012,no_change
885,42,0.935252,0.077611,0.068271,39.896517,0.100000,300,0.000000,0.000000,12.200000,0.026602,8.090343,29.900000,300,0.797930,39.896517,0.000000,0.033339,increase_kp
886,42,1.160877,0.102194,0.104397,36.062882,0.100000,300,0.000000,0.000000,10.900000,0.013526,6.573053,29.900000,300,0.721258,36.062882,0.000000,0.018753,no_change
887,42,0.150356,0.057454,0.028090,36.505683,0.100000,300,0.000000,1.611897,18.200000,0.092078,7.065935,29.900000,300,0.730114,36.505683,2.207734,0.126115,reduce_kp
888,42,0.893715,0.037437,0.122170,20.626302,0.100000,300,0.000000,0.000000,6.200000,0.001840,2.117562,29.900000,300,0.500000,20.626302,0.000000,0.003679,no_change
889,42,1.123238,0.137514,0.091409,38.442612,0.100000,300,0.000000,0.000000,11.700000,0.009234,7.485454,29.900000,300,0.768852,38.442612,0.000000,0.012010,no_change
890,42,0.888467,0.037718,0.082894,42.798796,0.100000,300,0.000000,0.000000,13.200000,0.072235,9.365143,29.900000,300,0.855976,42.798796,0.000000,0.084389,increase_kp
891,42,1.021213,0.206084,0.154429,28.515138,0.100000,300,0.000000,0.050971,8.600000,0.001743,4.077204,29.900000,300,0.570303,28.515138,0.089375,0.003056,no_change
892,42,0.824302,0.334667,0.026927,29.964859,0.100000,300,0.000000,0.077085,9.000000,0.000047,4.502624,29.900000,300,0.599297,29.964859,0.128626,0.000078,no_change
893,42,0.683401,0.017000,0.187062,40.164483,0.100000,300,0.000000,0.000000,12.600000,0.094131,8.255815,29.900000,300,0.803290,40.164483,0.000000,0.117182,increase_kp
894,42,0.631225,0.177917,0.184232,20.316073,0.100000,300,0.000000,0.283466,6.300000,0.000436,2.100807,29.900000,300,0.500000,20.316073,0.566933,0.000872,no_change
895,42,0.736410,0.255673,0.025676,26.622167,0.100000,300,0.000000,0.089838,8.000000,0.000115,3.547159,29.900000,300,0.532443,26.622167,0.168727,0.000215,no_change
896,42,0.760601,0.308944,0.100822,26.539879,0.100000,300,0.000000,0.163391,8.000000,0.000031,3.533825,29.900000,300,0.530798,26.539879,0.307821,0.000057,no_change
897,42,1.177451,0.320569,0.152475,23.207876,0.100000,300,0.000000,0.065747,6.900000,0.000338,2.687279,29.900000,300,0.500000,23.207876,0.131495,0.000676,no_change
898,42,1.159953,0.339672,0.090569,19.001155,0.100000,300,0.000000,0.045047,5.600000,0.000101,1.791653,29.900000,300,0.500000,19.001155,0.090093,0.000201,no_change
899,42,0.554020,0.245005,0.149685,23.967394,0.100000,300,0.000000,0.407362,7.400000,0.000005,2.911030,29.900000,300,0.500000,23.967394,0.814723,0.000010,reduce_ki
900,42,0.871644,0.301248,0.142375,43.065362,0.100000,300,0.000000,0.059516,13.300000,0.000833,9.443401,29.900000,300,0.861307,43.065362,0.069099,0.000967,increase_kp
901,42,0.795842,0.070311,0.124834,23.717385,0.100000,300,0.000000,0.023777,7.300000,0.005561,2.814290,29.900000,300,0.500000,23.717385,0.047553,0.011121,no_change
902,42,0.479823,0.235331,0.196267,34.502592,0.100000,300,0.000000,0.556150,10.700000,0.000358,6.068324,29.900000,300,0.690052,34.502592,0.805954,0.000519,reduce_ki
903,42,1.154159,0.176363,0.138862,24.671442,0.100000,300,0.000000,0.019314,7.400000,0.001330,3.036385,29.900000,300,0.500000,24.671442,0.038628,0.002660,no_change
904,42,0.226946,0.123283,0.096074,32.119146,0.100000,300,0.000000,1.418119,15.900000,0.005045,5.430243,29.900000,300,0.642383,32.119146,2.207591,0.007853,reduce_ki
905,42,0.833873,0.146117,0.149574,40.241679,0.100000,300,0.000000,0.007064,12.400000,0.001080,8.215975,29.900000,300,0.804834,40.241679,0.008777,0.001342,increase_kp
906,42,0.414521,0.296555,0.161661,30.681900,0.100000,300,0.000000,0.806173,12.400000,0.000103,4.814615,29.900000,300,0.613638,30.681900,1.313760,0.000167,reduce_ki
907,42,0.127799,0.050864,0.134051,20.997073,0.100000,300,0.000000,3.422406,-1.0,1.591445,4.035312,29.900000,300,0.500000,20.997073,6.844813,3.182891,reduce_kp
908,42,0.925204,0.056327,0.057323,22.516830,0.100000,300,0.000000,0.000000,6.700000,0.004013,2.526029,29.900000,300,0.500000,22.516830,0.000000,0.008026,no_change
909,42,1.023320,0.241708,0.059028,37.607818,0.100000,300,0.000000,0.000000,11.400000,0.000458,7.145954,29.900000,300,0.752156,37.607818,0.000000,0.000609,no_change
910,42,0.135537,0.284909,0.020496,41.041061,0.100000,300,0.000000,1.882858,17.400000,0.010208,8.820054,29.900000,300,0.820821,41.041061,2.293871,0.012436,reduce_kp
911,42,0.913442,0.302695,0.148483,31.838117,0.100000,300,0.000000,0.083817,9.700000,0.000299,5.099820,29.900000,300,0.636762,31.838117,0.131631,0.000470,no_change
912,42,0.361355,0.274508,0.159764,23.629160,0.100000,300,0.000000,1.088155,14.900000,0.002904,3.020185,29.900000,300,0.500000,23.629160,2.176311,0.005808,reduce_ki
913,42,0.830943,0.324270,0.077511,43.701059,0.100000,300,0.000000,0.056923,13.500000,0.000436,9.728121,29.900000,300,0.874021,43.701059,0.065128,0.000498,increase_kp
914,42,1.173405,0.109429,0.110425,15.388957,0.100000,300,0.000000,0.020541,4.500000,0.003096,1.174158,29.900000,300,0.500000,15.388957,0.041082,0.006191,no_change
915,42,0.376475,0.217197,0.156185,41.103543,0.100000,300,0.000000,0.758261,12.800000,0.001845,8.670724,29.900000,300,0.822071,41.103543,0.922379,0.002245,reduce_ki
916,42,1.012982,0.319020,0.140926,34.428972,0.100000,300,0.000000,0.072601,10.400000,0.000517,5.974850,29.900000,300,0.688579,34.428972,0.105436,0.000751,no_change
917,42,0.930618,0.191315,0.120677,38.284402,0.100000,300,0.000000,0.010585,11.700000,0.000813,7.414672,29.900000,300,0.765688,38.284402,0.013824,0.001061,no_change
918,42,1.160719,0.102962,0.035485,35.479766,0.100000,300,0.000000,0.000000,10.700000,0.013803,6.356883,29.900000,300,0.709595,35.479766,0.000000,0.019451,no_change
919,42,0.305674,0.060828,0.102769,26.315947,0.100000,300,0.000000,0.505698,8.600000,0.011331,3.609671,29.900000,300,0.526319,26.315947,0.960820,0.021528,reduce_ki
920,42,0.571359,0.194810,0.026013,32.519582,0.100000,300,0.000000,0.107843,9.900000,0.000292,5.328475,29.900000,300,0.650392,32.519582,0.165813,0.000449,no_change
921,42,0.380518,0.115697,0.141938,19.644171,0.100000,300,0.000000,0.550775,9.900000,0.000529,2.031104,29.900000,300,0.500000,19.644171,1.101550,0.001059,reduce_ki
922,42,0.269074,0.112921,0.010171,42.971456,0.100000,300,0.000000,0.519462,13.500000,0.005732,9.476166,29.900000,300,0.859429,42.971456,0.604427,0.006670,reduce_ki
923,42,0.777170,0.231662,0.098110,32.180310,0.100000,300,0.000000,0.096394,9.800000,0.000680,5.214363,29.900000,300,0.643606,32.180310,0.149771,0.001056,no_change
924,42,0.493894,0.274411,0.063572,21.598860,0.100000,300,0.000000,0.368282,6.600000,0.000001,2.356819,29.900000,300,0.500000,21.598860,0.736564,0.000001,reduce_ki
925,42,0.302256,0.023862,0.101028,27.477937,0.100000,300,0.000000,0.172700,9.400000,0.067261,3.905765,29.900000,300,0.549559,27.477937,0.314251,0.122391,no_change
926,42,0.690740,0.032181,0.044240,21.400614,0.100000,300,0.000000,0.000000,6.500000,0.004302,2.284361,29.900000,300,0.500000,21.400614,0.000000,0.008605,no_change
927,42,0.465072,0.126279,0.043689,37.579671,0.100000,300,0.000000,0.119914,11.700000,0.002527,7.165649,29.900000,300,0.751593,37.579671,0.159546,0.003363,no_change
928,42,0.683549,0.348821,0.164738,44.433996,0.100000,300,0.000000,0.218754,13.800000,0.000162,10.086461,29.900000,300,0.888680,44.433996,0.246156,0.000182,increase_kp
929,42,0.109684,0.234128,0.089133,42.134894,0.100000,300,0.000000,2.538044,19.700000,0.032441,9.521056,29.900000,300,0.842698,42.134894,3.011807,0.038496,reduce_kp
930,42,0.775071,0.217396,0.191779,35.476541,0.100000,300,0.000000,0.130622,10.900000,0.001794,6.368948,29.900000,300,0.709531,35.476541,0.184096,0.002529,no_change
931,42,0.453031,0.320576,0.188998,26.576278,0.100000,300,0.000000,0.808061,11.900000,0.000084,3.634801,29.900000,300,0.531526,26.576278,1.520268,0.000159,reduce_ki
932,42,0.694261,0.098990,0.182267,39.663272,0.100000,300,0.000000,0.035968,12.300000,0.007810,7.991253,29.900000,300,0.793265,39.663272,0.045342,0.009845,increase_kp
933,42,0.512454,0.280986,0.089111,16.315550,0.100000,300,0.000000,0.437663,4.900000,0.000009,1.393873,29.900000,300,0.500000,16.315550,0.875325,0.000018,reduce_ki
934,42,1.088110,0.067379,0.102779,43.446355,0.100000,300,0.000000,0.000000,13.400000,0.044664,9.639277,29.900000,300,0.868927,43.446355,0.000000,0.051401,increase_kp
935,42,0.284134,0.334697,0.107595,15.219918,0.100000,300,0.000000,1.481649,-1.0,1.481649,2.370600,29.900000,300,0.500000,15.219918,2.963298,2.963298,increase_ki
936,42,0.172019,0.234617,0.154716,40.948526,0.100000,300,0.000000,2.280216,18.900000,0.033907,8.909533,29.900000,300,0.818971,40.948526,2.784247,0.041402,reduce_kp
937,42,0.566630,0.036374,0.107551,36.082286,0.100000,300,0.000000,0.000000,11.300000,0.024736,6.609446,29.900000,300,0.721646,36.082286,0.000000,0.034277,no_change
938,42,1.173846,0.271322,0.129312,43.192533,0.100000,300,0.000000,0.000000,13.300000,0.001248,9.494194,29.900000,300,0.863851,43.192533,0.000000,0.001445,increase_kp
939,42,0.921580,0.053814,0.091845,24.951461,0.100000,300,0.000000,0.000000,7.500000,0.005255,3.111045,29.900000,300,0.500000,24.951461,0.000000,0.010511,no_change
940,42,0.196273,0.018994,0.158843,31.742526,0.100000,300,0.000000,0.714784,20.300000,0.324705,5.491687,29.900000,300,0.634851,31.742526,1.125909,0.511467,no_change
941,42,0.732459,0.079676,0.051730,26.640978,0.100000,300,0.000000,0.003264,8.100000,0.000625,3.547756,29.900000,300,0.532820,26.640978,0.006126,0.001173,no_change
942,42,0.793239,0.151559,0.003378,35.198962,0.100000,300,0.000000,0.000000,10.600000,0.000966,6.244187,29.900000,300,0.703979,35.198962,0.000000,0.001372,no_change
943,42,0.688318,0.224498,0.123670,37.678818,0.100000,300,0.000000,0.139157,11.600000,0.000993,7.195738,29.900000,300,0.753576,37.678818,0.184663,0.001318,no_change
944,42,0.744169,0.245309,0.014518,42.841433,0.100000,300,0.000000,0.000000,13.200000,0.000045,9.334771,29.900000,300,0.856829,42.841433,0.000000,0.000052,increase_kp
945,42,0.216749,0.275412,0.060270,17.595157,0.100000,300,0.000000,1.694211,-1.0,1.694211,2.892251,29.900000,300,0.500000,17.595157,3.388422,3.388422,reduce_kp
946,42,0.941802,0.153187,0.079023,34.821695,0.100000,300,0.000000,0.000000,10.600000,0.000877,6.108914,29.900000,300,0.696434,34.821695,0.000000,0.001259,no_change
947,42,0.621386,0.186714,0.027276,26.729777,0.100000,300,0.000000,0.095059,8.100000,0.000332,3.582036,29.900000,300,0.534596,26.729777,0.177814,0.000621,no_change
948,42,0.977233,0.191004,0.192027,19.322266,0.100000,300,0.000000,0.088082,5.800000,0.001782,1.870585,29.900000,300,0.500000,19.322266,0.176163,0.003563,no_change
949,42,0.845018,0.319959,0.159003,36.879737,0.100000,300,0.000000,0.140462,11.300000,0.000315,6.882628,29.900000,300,0.737595,36.879737,0.190432,0.000427,no_change
950,42,0.510444,0.332313,0.110705,31.652092,0.100000,300,0.000000,0.440353,9.700000,0.000002,5.069458,29.900000,300,0.633042,31.652092,0.695615,0.000004,reduce_ki
951,42,0.235559,0.001760,0.119331,31.114561,0.100000,300,0.000000,0.000000,12.300000,0.204058,5.155419,29.900000,300,0.622291,31.114561,0.000000,0.327915,increase_kp
952,42,1.141677,0.106642,0.149659,42.106391,0.100000,300,0.000000,0.000000,12.900000,0.021113,9.028199,29.900000,300,0.842128,42.106391,0.000000,0.025071,increase_kp
953,42,0.478237,0.144429,0.129186,30.376581,0.100000,300,0.000000,0.302486,9.500000,0.000530,4.685431,29.900000,300,0.607532,30.376581,0.497894,0.000872,reduce_ki
954,42,0.277050,0.077276,0.166950,20.829786,0.100000,300,0.000000,1.005929,15.200000,0.012713,2.438259,29.900000,300,0.500000,20.829786,2.011858,0.025426,reduce_ki
955,42,0.299494,0.279881,0.170450,40.541632,0.100000,300,0.000000,1.367950,16.200000,0.012020,8.503700,29.900000,300,0.810833,40.541632,1.687093,0.014824,reduce_ki
956,42,1.125607,0.348010,0.092253,31.489938,0.100000,300,0.000000,0.026953,9.500000,0.000169,4.976022,29.900000,300,0.629799,31.489938,0.042796,0.000269,no_change
957,42,0.419718,0.023577,0.019640,36.767678,0.100000,300,0.000000,0.000000,11.600000,0.054950,6.893773,29.900000,300,0.735354,36.767678,0.000000,0.074726,no_change
958,42,0.635909,0.115798,0.025643,34.664189,0.100000,300,0.000000,0.011810,10.600000,0.001009,6.056482,29.900000,300,0.693284,34.664189,0.017034,0.001456,no_change
959,42,0.210050,0.216831,0.180024,24.533578,0.100000,300,0.000000,2.287243,28.700000,0.714261,4.084979,29.900000,300,0.500000,24.533578,4.574486,1.428522,reduce_kp
960,42,0.595711,0.215720,0.061135,32.525098,0.100000,300,0.000000,0.134151,10.000000,0.000190,5.334375,29.900000,300,0.650502,32.525098,0.206228,0.000293,no_change
961,42,0.722107,0.127573,0.063267,27.849222,0.100000,300,0.000000,0.031448,8.500000,0.001742,3.886717,29.900000,300,0.556984,27.849222,0.056462,0.003127,no_change
962,42,0.105315,0.086161,0.044305,37.194486,0.100000,300,0.000000,3.065452,21.100000,0.236355,7.697406,29.900000,300,0.743890,37.194486,4.120842,0.317729,reduce_kp
963,42,0.579736,0.294039,0.026861,36.989184,0.100000,300,0.000000,0.138441,11.300000,0.000003,6.921320,29.900000,300,0.739784,36.989184,0.187137,0.000004,no_change
964,42,1.065674,0.161997,0.071748,24.164154,0.100000,300,0.000000,0.005275,7.200000,0.000370,2.907095,29.900000,300,0.500000,24.164154,0.010550,0.000741,no_change
965,42,0.706839,0.061520,0.121326,40.253790,0.100000,300,0.000000,0.000000,12.500000,0.020474,8.244301,29.900000,300,0.805076,40.253790,0.000000,0.025431,increase_kp
966,42,1.044585,0.049001,0.107724,22.897040,0.100000,300,0.000000,0.000000,6.900000,0.005743,2.614606,29.900000,300,0.500000,22.897040,0.000000,0.011485,no_change
967,42,1.074969,0.026762,0.015080,15.558909,0.100000,300,0.000000,0.000000,4.500000,0.005563,1.197363,29.900000,300,0.500000,15.558909,0.000000,0.011125,no_change
968,42,0.657896,0.010918,0.116378,27.154034,0.100000,300,0.000000,0.000000,8.500000,0.046393,3.733874,29.900000,300,0.543081,27.154034,0.000000,0.085426,no_change
969,42,0.749040,0.317206,0.110319,31.304080,0.100000,300,0.000000,0.165432,9.500000,0.000038,4.933883,29.900000,300,0.626082,31.304080,0.264234,0.000061,no_change
970,42,1.198601,0.165236,0.155039,25.974559,0.100000,300,0.000000,0.014126,7.800000,0.001387,3.368837,29.900000,300,0.519491,25.974559,0.027192,0.002670,no_change
971,42,0.345637,0.270251,0.146645,23.729975,0.100000,300,0.000000,1.139245,15.400000,0.003050,3.061701,29.900000,300,0.500000,23.729975,2.278490,0.006099,reduce_ki
972,42,0.611171,0.178644,0.079357,30.065018,0.100000,300,0.000000,0.153478,9.200000,0.000828,4.554988,29.900000,300,0.601300,30.065018,0.255244,0.001376,no_change
973,42,0.828946,0.296794,0.161308,33.421079,0.100000,300,0.000000,0.135483,10.200000,0.000277,5.634786,29.900000,300,0.668422,33.421079,0.202691,0.000414,no_change
974,42,0.282428,0.179948,0.089244,20.374356,0.100000,300,0.000000,1.131939,16.100000,0.006231,2.377849,29.900000,300,0.500000,20.374356,2.263879,0.012462,reduce_ki
975,42,1.143583,0.230795,0.193547,37.077594,0.100000,300,0.000000,0.024129,11.300000,0.001631,6.946119,29.900000,300,0.741552,37.077594,0.032539,0.002199,no_change
976,42,0.631854,0.125578,0.043764,29.629264,0.100000,300,0.000000,0.046453,9.000000,0.001911,4.409667,29.900000,300,0.592585,29.629264,0.078391,0.003224,no_change
977,42,0.169147,0.129302,0.008562,21.203222,0.100000,300,0.000000,1.795248,21.800000,0.026623,2.876136,29.900000,300,0.500000,21.203222,3.590496,0.053246,reduce_kp
978,42,1.098499,0.126438,0.093935,28.639303,0.100000,300,0.000000,0.000000,8.600000,0.001977,4.106011,29.900000,300,0.572786,28.639303,0.000000,0.003451,no_change
979,42,0.151081,0.343206,0.064814,36.112088,0.100000,300,0.000000,1.966909,17.600000,0.013362,6.940494,29.900000,300,0.722242,36.112088,2.723339,0.018501,reduce_kp
980,42,0.673510,0.290377,0.166974,22.899482,0.100000,300,0.000000,0.303989,7.000000,0.000002,2.644967,29.900000,300,0.500000,22.899482,0.607978,0.000004,reduce_ki
981,42,0.698785,0.060847,0.130735,25.958903,0.100000,300,0.000000,0.030813,8.000000,0.008137,3.382869,29.900000,300,0.519178,25.958903,0.059350,0.015672,no_change
982,42,0.818670,0.292414,0.103333,26.289863,0.100000,300,0.000000,0.112786,8.000000,0.000097,3.463038,29.900000,300,0.525797,26.289863,0.214504,0.000185,no_change
983,42,1.097967,0.180730,0.070580,41.031583,0.100000,300,0.000000,0.000000,12.500000,0.004722,8.547892,29.900000,300,0.820632,41.031583,0.000000,0.005754,increase_kp
984,42,0.635548,0.168739,0.120842,30.055110,0.100000,300,0.000000,0.151161,9.200000,0.001489,4.556670,29.900000,300,0.601102,30.055110,0.251473,0.002478,no_change
985,42,0.252865,0.057962,0.015418,34.304310,0.100000,300,0.000000,0.412632,11.000000,0.010026,6.039656,29.900000,300,0.686086,34.304310,0.601428,0.014614,reduce_ki
986,42,0.332669,0.065417,0.072445,36.519081,0.100000,300,0.000000,0.265718,11.700000,0.020143,6.821066,29.900000,300,0.730382,36.519081,0.363807,0.027579,no_change
987,42,0.230163,0.080621,0.162235,36.607670,0.100000,300,0.000000,1.333676,18.000000,0.070996,7.060019,29.900000,300,0.732153,36.607670,1.821580,0.096969,reduce_ki
988,42,0.629668,0.167585,0.042141,19.837388,0.100000,300,0.000000,0.126841,6.000000,0.000463,1.972773,29.900000,300,0.500000,19.837388,0.253681,0.000927,no_change
989,42,1.016701,0.007856,0.008629,32.204595,0.100000,300,0.000000,0.000000,9.700000,0.064796,5.249261,29.900000,300,0.644092,32.204595,0.000000,0.100601,no_change
990,42,0.277242,0.220339,0.007838,32.168079,0.100000,300,0.000000,0.801105,12.500000,0.000398,5.283848,29.900000,300,0.643362,32.168079,1.245187,0.000619,reduce_ki
991,42,0.161503,0.090391,0.036008,43.747150,0.100000,300,0.000000,1.690370,18.900000,0.078240,10.028096,29.900000,300,0.874943,43.747150,1.931977,0.089423,reduce_kp
992,42,0.759293,0.197262,0.003724,36.586419,0.100000,300,0.000000,0.000000,11.100000,0.000123,6.755086,29.900000,300,0.731728,36.586419,0.000000,0.000168,no_change
993,42,0.827920,0.099209,0.017150,28.476101,0.100000,300,0.000000,0.000000,8.600000,0.002742,4.061071,29.900000,300,0.569522,28.476101,0.000000,0.004815,no_change
994,42,1.192053,0.303556,0.034113,39.910907,0.100000,300,0.000000,0.000000,12.200000,0.000821,8.069658,29.900000,300,0.798218,39.910907,0.000000,0.001029,increase_kp
995,42,0.760923,0.278116,0.164091,20.456525,0.100000,300,0.000000,0.192172,6.300000,0.000030,2.103703,29.900000,300,0.500000,20.456525,0.384344,0.000060,no_change
996,42,0.825614,0.092582,0.144837,25.280138,0.100000,300,0.000000,0.035279,7.800000,0.005626,3.202563,29.900000,300,0.505603,25.280138,0.069776,0.011127,no_change
997,42,0.598817,0.206709,0.045963,26.563856,0.100000,300,0.000000,0.142398,8.100000,0.000136,3.542928,29.900000,300,0.531277,26.563856,0.268030,0.000256,no_change
998,42,0.219427,0.070822,0.171918,30.130786,0.100000,300,0.000000,1.556105,17.800000,0.067869,4.928903,29.900000,300,0.602616,30.130786,2.582251,0.112625,reduce_kp
999,42,0.561775,0.052346,0.019260,29.276076,0.100000,300,0.000000,0.000000,9.000000,0.002558,4.302747,29.900000,300,0.585522,29.276076,0.000000,0.004368,no_change
1000,42,0.776223,0.013663,0.156774,30.099876,0.100000,300,0.000000,0.000000,9.300000,0.050518,4.588929,29.900000,300,0.601998,30.099876,0.000000,0.083918,no_change
1001,42,0.229268,0.168784,0.026066,33.104240,0.100000,300,0.000000,1.225411,14.500000,0.003728,5.673245,29.900000,300,0.662085,33.104240,1.850836,0.005631,reduce_ki
1002,42,1.010274,0.313939,0.154974,34.476952,0.100000,300,0.000000,0.079199,10.500000,0.000605,5.993290,29.900000,300,0.689539,34.476952,0.114858,0.000877,no_change
1003,42,0.674249,0.129632,0.008688,30.894496,0.100000,300,0.000000,0.005850,9.400000,0.000330,4.788861,29.900000,300,0.617890,30.894496,0.009467,0.000534,no_change
1004,42,0.352435,0.280805,0.157911,26.437095,0.100000,300,0.000000,1.091168,14.100000,0.001568,3.682008,29.900000,300,0.528742,26.437095,2.063706,0.002965,reduce_ki
1005,42,0.747953,0.259488,0.152308,35.901228,0.100000,300,0.000000,0.132030,11.000000,0.000473,6.519966,29.900000,300,0.718025,35.901228,0.183879,0.000659,no_change
1006,42,0.207489,0.046859,0.095428,21.975387,0.100000,300,0.000000,1.073507,16.300000,0.012413,2.728096,29.900000,300,0.500000,21.975387,2.147014,0.024826,reduce_ki
1007,42,1.044959,0.099143,0.175353,27.259401,0.100000,300,0.000000,0.009306,8.300000,0.002164,3.717800,29.900000,300,0.545188,27.259401,0.017069,0.003970,no_change
1008,42,0.307923,0.248202,0.157884,32.339614,0.100000,300,0.000000,1.301836,14.900000,0.005031,5.446983,29.900000,300,0.646792,32.339614,2.012758,0.007779,reduce_ki
1009,42,0.229611,0.002518,0.130909,35.633002,0.100000,300,0.000000,0.000000,13.800000,0.243181,6.734330,29.900000,300,0.712660,35.633002,0.000000,0.341230,increase_kp
1010,42,0.447492,0.126794,0.030956,34.547278,0.100000,300,0.000000,0.144198,10.700000,0.001557,6.041562,29.900000,300,0.690946,34.547278,0.208697,0.002253,no_change
1011,42,0.378996,0.299242,0.084712,25.969323,0.100000,300,0.000000,0.752794,11.300000,0.000150,3.461130,29.900000,300,0.519386,25.969323,1.449390,0.000288,reduce_ki
1012,42,0.403117,0.238212,0.150994,27.396845,0.100000,300,0.000000,0.780295,12.000000,0.000321,3.854845,29.900000,300,0.547937,27.396845,1.424060,0.000586,reduce_ki
1013,42,0.962167,0.168864,0.074043,31.647341,0.100000,300,0.000000,0.001118,9.500000,0.000093,5.025971,29.900000,300,0.632947,31.647341,0.001767,0.000146,no_change
1014,42,0.379155,0.107329,0.068871,36.164838,0.100000,300,0.000000,0.317691,11.300000,0.002543,6.665315,29.900000,300,0.723297,36.164838,0.439226,0.003516,reduce_ki
1015,42,0.909361,0.299250,0.131857,37.434426,0.100000,300,0.000000,0.067829,11.400000,0.000551,7.087378,29.900000,300,0.748689,37.434426,0.090598,0.000735,no_change
1016,42,0.591254,0.244759,0.032359,21.433744,0.100000,300,0.000000,0.183334,6.500000,0.000008,2.302059,29.900000,300,0.500000,21.433744,0.366669,0.000016,no_change
1017,42,0.540617,0.118453,0.110115,35.911722,0.100000,300,0.000000,0.127462,11.200000,0.005962,6.540268,29.900000,300,0.718234,35.911722,0.177466,0.008301,no_change
1018,42,0.877469,0.056258,0.192914,15.158719,0.100000,300,0.000000,0.033740,4.700000,0.010110,1.156739,29.900000,300,0.500000,15.158719,0.067480,0.020219,no_change
1019,42,0.200197,0.050865,0.185172,28.061323,0.100000,300,0.000000,1.641250,19.300000,0.069724,4.425388,29.900000,300,0.561226,28.061323,2.924398,0.124234,reduce_kp
1020,42,0.170489,0.077620,0.016008,16.132660,0.100000,300,0.000000,1.563171,25.800000,0.425076,2.072513,29.900000,300,0.500000,16.132660,3.126342,0.850152,reduce_kp
1021,42,0.522759,0.344557,0.122793,30.630166,0.100000,300,0.000000,0.435837,9.400000,0.000010,4.745435,29.900000,300,0.612603,30.630166,0.711451,0.000016,reduce_ki
1022,42,0.882766,0.209115,0.189143,39.606862,0.100000,300,0.000000,0.070340,12.200000,0.003399,7.960427,29.900000,300,0.792137,39.606862,0.088798,0.004290,increase_kp
1023,42,0.804320,0.153640,0.040341,34.706527,0.100000,300,0.000000,0.003267,10.500000,0.000249,6.066137,29.900000,300,0.694131,34.706527,0.004706,0.000358,no_change
1024,42,0.984301,0.100102,0.006722,32.985447,0.100000,300,0.000000,0.000000,9.900000,0.009968,5.479831,29.900000,300,0.659709,32.985447,0.000000,0.015110,no_change
1025,42,0.667395,0.081085,0.033897,16.081834,0.100000,300,0.000000,0.049130,4.800000,0.004305,1.294489,29.900000,300,0.500000,16.081834,0.098261,0.008610,no_change
1026,42,0.363182,0.000101,0.031489,44.904514,0.100000,300,0.000000,0.000000,14.500000,0.406799,10.525397,29.900000,300,0.898090,44.904514,0.000000,0.452960,increase_kp
1027,42,0.957640,0.123595,0.079029,32.582405,0.100000,300,0.000000,0.000000,9.800000,0.002571,5.338344,29.900000,300,0.651648,32.582405,0.000000,0.003945,no_change
1028,42,0.669517,0.257924,0.013723,17.704976,0.100000,300,0.000000,0.143088,5.300000,0.000016,1.564905,29.900000,300,0.500000,17.704976,0.286176,0.000033,no_change
1029,42,0.412943,0.290418,0.183002,25.442857,0.100000,300,0.000000,0.885304,12.700000,0.000376,3.371019,29.900000,300,0.508857,25.442857,1.739789,0.000738,reduce_ki
1030,42,1.159616,0.096778,0.121273,20.835756,0.100000,300,0.000000,0.005278,6.200000,0.001185,2.155761,29.900000,300,0.500000,20.835756,0.010556,0.002370,no_change
1031,42,1.122685,0.201217,0.052222,27.214039,0.100000,300,0.000000,0.008264,8.100000,0.000392,3.697543,29.900000,300,0.544281,27.214039,0.015182,0.000721,no_change
1032,42,0.217111,0.025335,0.058850,43.410464,0.100000,300,0.000000,0.222498,14.600000,0.119285,9.756319,29.900000,300,0.868209,43.410464,0.256272,0.137391,increase_kp
1033,42,0.983236,0.334848,0.175223,39.394420,0.100000,300,0.000000,0.061856,12.100000,0.000552,7.866407,29.900000,300,0.787888,39.394420,0.078508,0.000700,increase_kp
1034,42,0.732383,0.242967,0.193211,31.895058,0.100000,300,0.000000,0.193250,9.800000,0.000427,5.138583,29.900000,300,0.637901,31.895058,0.302947,0.000669,no_change
1035,42,0.946964,0.265116,0.192248,28.765453,0.100000,300,0.000000,0.116303,8.700000,0.000803,4.158679,29.900000,300,0.575309,28.765453,0.202157,0.001396,no_change
1036,42,0.606792,0.205389,0.005470,18.488049,0.100000,300,0.000000,0.144542,5.500000,0.000066,1.709721,29.900000,300,0.500000,18.488049,0.289083,0.000131,no_change
1037,42,0.174310,0.221782,0.198840,35.307389,0.100000,300,0.000000,2.566504,20.400000,0.081120,6.899686,29.900000,300,0.706148,35.307389,3.634514,0.114876,reduce_kp
1038,42,0.352923,0.110506,0.191089,30.495127,0.100000,300,0.000000,0.738414,14.100000,0.006129,4.814959,29.900000,300,0.609903,30.495127,1.210708,0.010048,reduce_ki
1039,42,0.110696,0.291262,0.049652,17.790283,0.100000,300,0.000000,2.791541,-1.0,2.791164,3.794386,29.900000,300,0.500000,17.790283,5.583083,5.582328,reduce_kp
1040,42,0.841068,0.287376,0.015206,42.941887,0.100000,300,0.000000,0.000000,13.200000,0.000218,9.379715,29.900000,300,0.858838,42.941887,0.000000,0.000254,increase_kp
1041,42,0.624211,0.123738,0.178863,23.072273,0.100000,300,0.000000,0.187787,7.300000,0.004454,2.700347,29.900000,300,0.500000,23.072273,0.375573,0.008907,no_change
1042,42,1.141830,0.239088,0.181985,29.969980,0.100000,300,0.000000,0.043625,9.000000,0.001451,4.507290,29.900000,300,0.599400,29.969980,0.072781,0.002421,no_change
1043,42,0.319633,0.257400,0.174548,21.203359,0.100000,300,0.000000,1.372450,22.000000,0.063786,2.785152,29.900000,300,0.500000,21.203359,2.744901,0.127572,reduce_ki
1044,42,0.323043,0.087393,0.123719,19.679867,0.100000,300,0.000000,0.658726,11.400000,0.001496,2.078711,29.900000,300,0.500000,19.679867,1.317451,0.002993,reduce_ki
1045,42,0.217358,0.322066,0.135162,34.902722,0.100000,300,0.000000,1.864930,17.300000,0.017207,6.470715,29.900000,300,0.698054,34.902722,2.671611,0.024650,reduce_kp
1046,42,0.775210,0.267485,0.108295,16.267894,0.100000,300,0.000000,0.175011,4.900000,0.000045,1.329620,29.900000,300,0.500000,16.267894,0.350022,0.000089,no_change
1047,42,0.630521,0.217234,0.098468,44.560840,0.100000,300,0.000000,0.090196,13.900000,0.001471,10.139470,29.900000,300,0.891217,44.560840,0.101206,0.001651,increase_kp
1048,42,1.086700,0.304069,0.098161,44.531840,0.100000,300,0.000000,0.000000,13.700000,0.000169,10.106704,29.900000,300,0.890637,44.531840,0.000000,0.000190,increase_kp
1049,42,1.107608,0.098093,0.044419,32.299956,0.100000,300,0.000000,0.000000,9.700000,0.010565,5.250550,29.900000,300,0.645999,32.299956,0.000000,0.016354,no_change
1050,42,0.159563,0.279744,0.095664,31.223038,0.100000,300,0.000000,2.160863,20.000000,0.017628,5.456757,29.900000,300,0.624461,31.223038,3.460367,0.028229,reduce_kp
1051,42,0.652723,0.137801,0.137268,20.244011,0.100000,300,0.000000,0.163899,6.300000,0.002323,2.072742,29.900000,300,0.500000,20.244011,0.327798,0.004647,no_change
1052,42,1.174158,0.244386,0.092014,35.676316,0.100000,300,0.000000,0.000000,10.800000,0.000619,6.416211,29.900000,300,0.713526,35.676316,0.000000,0.000868,no_change
1053,42,0.113002,0.073763,0.116202,24.763086,0.100000,300,0.000000,3.736173,-1.0,1.371063,4.834499,29.900000,300,0.500000,24.763086,7.472347,2.742125,reduce_kp
1054,42,0.774056,0.090895,0.109713,22.114175,0.100000,300,0.000000,0.046740,6.700000,0.005828,2.448860,29.900000,300,0.500000,22.114175,0.093480,0.011657,no_change
1055,42,0.618480,0.214579,0.073185,29.963100,0.100000,300,0.000000,0.167967,9.100000,0.000227,4.521290,29.900000,300,0.599262,29.963100,0.280290,0.000379,no_change
1056,42,0.331586,0.245249,0.074462,40.629783,0.100000,300,0.000000,0.790616,12.600000,0.002067,8.453174,29.900000,300,0.812596,40.629783,0.972952,0.002544,reduce_ki
1057,42,0.407592,0.062961,0.026228,32.276782,0.100000,300,0.000000,0.091618,10.100000,0.010558,5.271744,29.900000,300,0.645536,32.276782,0.141925,0.016356,no_change
1058,42,0.351423,0.034954,0.053990,22.074155,0.100000,300,0.000000,0.155886,7.300000,0.031573,2.508606,29.900000,300,0.500000,22.074155,0.311771,0.063146,no_change
1059,42,0.575441,0.133309,0.029169,43.774438,0.100000,300,0.000000,0.007030,13.600000,0.000750,9.765630,29.900000,300,0.875489,43.774438,0.008030,0.000857,increase_kp
1060,42,0.264503,0.281984,0.035321,29.987935,0.100000,300,0.000000,1.136031,13.600000,0.001168,4.662067,29.900000,300,0.599759,29.987935,1.894147,0.001947,reduce_ki
1061,42,1.195118,0.297286,0.103401,36.616810,0.100000,300,0.000000,0.000000,11.100000,0.000062,6.764174,29.900000,300,0.732336,36.616810,0.000000,0.000085,no_change
1062,42,0.963866,0.105012,0.112428,32.035036,0.100000,300,0.000000,0.000000,9.700000,0.003228,5.159407,29.900000,300,0.640701,32.035036,0.000000,0.005038,no_change
1063,42,0.538242,0.241690,0.012007,39.414542,0.100000,300,0.000000,0.143964,12.100000,0.000075,7.881178,29.900000,300,0.788291,39.414542,0.182628,0.000095,increase_kp
1064,42,0.624193,0.220452,0.089971,25.039696,0.100000,300,0.000000,0.177024,7.700000,0.000086,3.151592,29.900000,300,0.500794,25.039696,0.353487,0.000171,no_change
1065,42,0.497058,0.196123,0.186369,22.731445,0.100000,300,0.000000,0.496016,7.100000,0.000015,2.645680,29.900000,300,0.500000,22.731445,0.992031,0.000030,reduce_ki
1066,42,0.121819,0.042433,0.173474,43.893497,0.100000,300,0.000000,3.469540,24.500000,0.048311,10.720780,29.900000,300,0.877870,43.893497,3.952226,0.055032,reduce_kp
1067,42,0.318854,0.201563,0.129826,20.236165,0.100000,300,0.000000,1.081851,16.000000,0.006067,2.341275,29.900000,300,0.500000,20.236165,2.163702,0.012134,reduce_ki
1068,42,0.958340,0.124288,0.134639,29.624812,0.100000,300,0.000000,0.007814,9.000000,0.001139,4.399383,29.900000,300,0.592496,29.624812,0.013188,0.001923,no_change
1069,42,0.910179,0.311371,0.076214,23.595707,0.100000,300,0.000000,0.086086,7.100000,0.000089,2.779418,29.900000,300,0.500000,23.595707,0.172171,0.000178,no_change
1070,42,0.794883,0.050697,0.033515,39.231514,0.100000,300,0.000000,0.000000,12.000000,0.042195,7.828854,29.900000,300,0.784630,39.231514,0.000000,0.053777,increase_kp
1071,42,0.471127,0.220946,0.114328,40.467023,0.100000,300,0.000000,0.369331,12.600000,0.000520,8.351232,29.900000,300,0.809340,40.467023,0.456336,0.000643,reduce_ki
1072,42,0.178478,0.056700,0.045644,24.506347,0.100000,300,0.000000,1.290919,16.800000,0.030913,3.333389,29.900000,300,0.500000,24.506347,2.581839,0.061825,reduce_ki
1073,42,0.420492,0.093615,0.128929,23.137443,0.100000,300,0.000000,0.335878,7.500000,0.003405,2.753846,29.900000,300,0.500000,23.137443,0.671757,0.006810,reduce_ki
1074,42,0.589388,0.301982,0.072633,32.607593,0.100000,300,0.000000,0.215780,10.000000,0.000003,5.363969,29.900000,300,0.652152,32.607593,0.330873,0.000004,no_change
1075,42,1.162079,0.144896,0.036777,15.693033,0.100000,300,0.000000,0.011254,4.600000,0.000850,1.215199,29.900000,300,0.500000,15.693033,0.022509,0.001700,no_change
1076,42,0.900550,0.231708,0.188087,36.020908,0.100000,300,0.000000,0.069867,11.000000,0.001716,6.558092,29.900000,300,0.720418,36.020908,0.096981,0.002382,no_change
1077,42,0.188071,0.058419,0.020602,16.913772,0.100000,300,0.000000,1.087342,17.100000,0.000469,1.808404,29.900000,300,0.500000,16.913772,2.174685,0.000938,reduce_ki
1078,42,1.066560,0.191952,0.005273,26.910376,0.100000,300,0.000000,0.000000,8.000000,0.000433,3.614328,29.900000,300,0.538208,26.910376,0.000000,0.000805,no_change
1079,42,0.941496,0.029138,0.052490,19.658231,0.100000,300,0.000000,0.000000,5.800000,0.008790,1.924518,29.900000,300,0.500000,19.658231,0.000000,0.017579,no_change
1080,42,0.820316,0.309915,0.061874,22.421896,0.100000,300,0.000000,0.112870,6.700000,0.000037,2.510096,29.900000,300,0.500000,22.421896,0.225740,0.000074,no_change
1081,42,0.412593,0.219268,0.026255,40.155533,0.100000,300,0.000000,0.302687,12.400000,0.000049,8.207041,29.900000,300,0.803111,40.155533,0.376893,0.000061,reduce_ki
1082,42,0.131428,0.232242,0.172074,24.756039,0.100000,300,0.000000,2.998275,-1.0,2.622796,5.064239,29.900000,300,0.500000,24.756039,5.996550,5.245592,reduce_kp
1083,42,0.623770,0.341244,0.108117,23.172433,0.100000,300,0.000000,0.280421,7.100000,0.000000,2.699195,29.900000,300,0.500000,23.172433,0.560842,0.000001,no_change
1084,42,0.589329,0.339340,0.139525,20.311099,0.100000,300,0.000000,0.393235,6.200000,0.000000,2.093515,29.900000,300,0.500000,20.311099,0.786471,0.000000,reduce_ki
1085,42,0.757343,0.220867,0.127170,31.919535,0.100000,300,0.000000,0.111762,9.700000,0.000842,5.133909,29.900000,300,0.638391,31.919535,0.175068,0.001320,no_change
1086,42,0.675806,0.223835,0.061932,25.415049,0.100000,300,0.000000,0.116067,7.700000,0.000157,3.237426,29.900000,300,0.508301,25.415049,0.228344,0.000309,no_change
1087,42,0.693635,0.281648,0.088372,25.973500,0.100000,300,0.000000,0.179043,7.900000,0.000024,3.386224,29.900000,300,0.519470,25.973500,0.344666,0.000046,no_change
1088,42,0.385788,0.106251,0.000018,39.461394,0.100000,300,0.000000,0.135263,12.300000,0.003210,7.918688,29.900000,300,0.789228,39.461394,0.171387,0.004067,increase_kp
1089,42,1.032741,0.120360,0.093840,15.249513,0.100000,300,0.000000,0.024568,4.500000,0.002269,1.154046,29.900000,300,0.500000,15.249513,0.049136,0.004538,no_change
1090,42,1.114297,0.331435,0.095413,15.273978,0.100000,300,0.000000,0.068254,4.500000,0.000089,1.157626,29.900000,300,0.500000,15.273978,0.136508,0.000178,no_change
1091,42,0.573479,0.102523,0.046243,15.216540,0.100000,300,0.000000,0.126315,4.700000,0.002796,1.175494,29.900000,300,0.500000,15.216540,0.252630,0.005591,no_change
1092,42,0.511008,0.144108,0.112111,26.842562,0.100000,300,0.000000,0.270563,8.400000,0.000876,3.650917,29.900000,300,0.536851,26.842562,0.503982,0.001631,no_change
1093,42,0.279596,0.257991,0.077945,26.350742,0.100000,300,0.000000,1.262595,15.100000,0.002820,3.708376,29.900000,300,0.527015,26.350742,2.395748,0.005352,reduce_ki
1094,42,0.389278,0.147784,0.047912,37.936149,0.100000,300,0.000000,0.323764,11.800000,0.000337,7.325849,29.900000,300,0.758723,37.936149,0.426722,0.000444,reduce_ki
1095,42,1.100950,0.282651,0.136928,23.540306,0.100000,300,0.000000,0.061912,7.100000,0.000459,2.765894,29.900000,300,0.500000,23.540306,0.123825,0.000918,no_change
1096,42,0.917220,0.283083,0.082581,40.604461,0.100000,300,0.000000,0.024813,12.400000,0.000473,8.362566,29.900000,300,0.812089,40.604461,0.030555,0.000583,increase_kp
1097,42,0.300648,0.101358,0.127379,33.531882,0.100000,300,0.000000,0.791367,14.800000,0.008847,5.808963,29.900000,300,0.670638,33.531882,1.180022,0.013191,reduce_ki
1098,42,0.399348,0.217964,0.037558,15.581862,0.100000,300,0.000000,0.513056,6.900000,0.000046,1.310062,29.900000,300,0.500000,15.581862,1.026112,0.000093,reduce_ki
1099,42,0.154595,0.187240,0.037188,18.068205,0.100000,300,0.000000,2.190727,-1.0,2.039135,3.261229,29.900000,300,0.500000,18.068205,4.381454,4.078270,reduce_kp
1100,42,0.396115,0.250319,0.145421,21.984315,0.100000,300,0.000000,0.848111,12.400000,0.000741,2.564739,29.900000,300,0.500000,21.984315,1.696221,0.001483,reduce_ki
1101,42,0.265752,0.172753,0.068383,24.347301,0.100000,300,0.000000,1.145854,14.500000,0.003282,3.179910,29.900000,300,0.500000,24.347301,2.291708,0.006563,reduce_ki
1102,42,0.979409,0.349287,0.092737,38.742741,0.100000,300,0.000000,0.039935,11.800000,0.000263,7.596376,29.900000,300,0.774855,38.742741,0.051539,0.000339,no_change
1103,42,0.463274,0.295241,0.190329,16.681150,0.100000,300,0.000000,0.749564,15.800000,0.000657,1.680977,29.900000,300,0.500000,16.681150,1.499128,0.001314,reduce_ki
1104,42,0.953218,0.024985,0.094029,20.765769,0.100000,300,0.000000,0.000000,6.200000,0.011127,2.152441,29.900000,300,0.500000,20.765769,0.000000,0.022254,no_change
1105,42,1.025693,0.286038,0.165650,18.658847,0.100000,300,0.000000,0.112283,5.600000,0.000292,1.740185,29.900000,300,0.500000,18.658847,0.224566,0.000583,no_change
1106,42,0.944960,0.087137,0.154245,28.288828,0.100000,300,0.000000,0.005480,8.600000,0.001430,4.007753,29.900000,300,0.565777,28.288828,0.009686,0.002527,no_change
1107,42,0.911381,0.011729,0.092167,38.129879,0.100000,300,0.000000,0.000000,11.600000,0.092890,7.410893,29.900000,300,0.762598,38.129879,0.000000,0.121807,no_change
1108,42,0.673253,0.343741,0.094565,35.443270,0.100000,300,0.000000,0.207126,10.800000,0.000002,6.349944,29.900000,300,0.708865,35.443270,0.292193,0.000004,no_change
1109,42,0.443320,0.113072,0.125833,16.265577,0.100000,300,0.000000,0.383237,5.200000,0.000556,1.392981,29.900000,300,0.500000,16.265577,0.766474,0.001113,reduce_ki
1110,42,1.131163,0.182324,0.050663,34.155600,0.100000,300,0.000000,0.000000,10.300000,0.002354,5.873634,29.900000,300,0.683112,34.155600,0.000000,0.003447,no_change
1111,42,0.318596,0.310632,0.172732,21.533647,0.100000,300,0.000000,1.393612,-1.0,1.284383,3.292612,29.900000,300,0.500000,21.533647,2.787224,2.568767,increase_ki
1112,42,0.224221,0.221518,0.064903,20.020811,0.100000,300,0.000000,1.619276,29.100000,0.665205,2.889681,29.900000,300,0.500000,20.020811,3.238552,1.330410,reduce_kp
1113,42,0.403710,0.041877,0.157829,15.267896,0.100000,300,0.000000,0.264199,5.300000,0.038714,1.285143,29.900000,300,0.500000,15.267896,0.528398,0.077429,no_change
1114,42,0.146193,0.274216,0.095054,32.886369,0.100000,300,0.000000,2.308819,19.900000,0.010366,6.002824,29.900000,300,0.657727,32.886369,3.510298,0.015761,reduce_kp
1115,42,0.508539,0.031318,0.031540,17.742047,0.100000,300,0.000000,0.023746,5.500000,0.008175,1.580058,29.900000,300,0.500000,17.742047,0.047492,0.016351,no_change
1116,42,0.780509,0.325797,0.199395,33.753970,0.100000,300,0.000000,0.224636,10.300000,0.000035,5.758381,29.900000,300,0.675079,33.753970,0.332754,0.000052,no_change
1117,42,0.165753,0.225601,0.140266,38.743987,0.100000,300,0.000000,2.393867,19.100000,0.014804,8.057634,29.900000,300,0.774880,38.743987,3.089340,0.019105,reduce_kp
1118,42,0.238410,0.081436,0.196335,38.656855,0.100000,300,0.000000,1.378760,18.900000,0.089842,7.875361,29.900000,300,0.773137,38.656855,1.783332,0.116204,reduce_ki
1119,42,0.932367,0.281934,0.087744,20.788959,0.100000,300,0.000000,0.091340,6.200000,0.000174,2.155383,29.900000,300,0.500000,20.788959,0.182679,0.000347,no_change
1120,42,0.858175,0.125359,0.026946,41.959891,0.100000,300,0.000000,0.000000,12.900000,0.011416,8.959418,29.900000,300,0.839198,41.959891,0.000000,0.013604,increase_kp
1121,42,0.633832,0.153125,0.058943,35.911133,0.100000,300,0.000000,0.053074,11.000000,0.001737,6.516387,29.900000,300,0.718223,35.911133,0.073897,0.002418,no_change
1122,42,0.308753,0.065319,0.069533,36.972072,0.100000,300,0.000000,0.318398,11.900000,0.018501,7.005287,29.900000,300,0.739441,36.972072,0.430593,0.025020,reduce_ki
1123,42,0.402857,0.290972,0.182895,31.635609,0.100000,300,0.000000,0.924772,13.100000,0.000278,5.136995,29.900000,300,0.632712,31.635609,1.461600,0.000439,reduce_ki
1124,42,0.175764,0.054259,0.059135,22.900478,0.100000,300,0.000000,1.403573,17.900000,0.038289,3.026676,29.900000,300,0.500000,22.900478,2.807146,0.076577,reduce_ki
1125,42,0.503824,0.000252,0.127605,26.371307,0.100000,300,0.000000,0.000000,8.600000,0.100633,3.573523,29.900000,300,0.527426,26.371307,0.000000,0.190801,no_change
1126,42,0.304088,0.006552,0.171366,38.280497,0.100000,300,0.000000,0.000000,13.500000,0.139410,7.620737,29.900000,300,0.765610,38.280497,0.000000,0.182091,increase_kp
1127,42,0.362665,0.252351,0.131658,31.168696,0.100000,300,0.000000,0.861405,12.800000,0.000216,4.980494,29.900000,300,0.623374,31.168696,1.381844,0.000347,reduce_ki
1128,42,0.526240,0.183424,0.099510,31.544034,0.100000,300,0.000000,0.240837,9.700000,0.000174,5.032851,29.900000,300,0.630881,31.544034,0.381747,0.000276,no_change
1129,42,0.774343,0.112910,0.128181,18.313924,0.100000,300,0.000000,0.084825,5.600000,0.004892,1.686972,29.900000,300,0.500000,18.313924,0.169649,0.009785,no_change
1130,42,0.675521,0.023338,0.167039,18.893228,0.100000,300,0.000000,0.009920,6.000000,0.005859,1.790869,29.900000,300,0.500000,18.893228,0.019840,0.011719,no_change
1131,42,1.060842,0.070728,0.097074,17.962608,0.100000,300,0.000000,0.005472,5.300000,0.001581,1.598562,29.900000,300,0.500000,17.962608,0.010944,0.003161,no_change
1132,42,0.728113,0.292705,0.131584,30.774641,0.100000,300,0.000000,0.183099,9.400000,0.000054,4.771025,29.900000,300,0.615493,30.774641,0.297484,0.000088,no_change
1133,42,0.871445,0.089578,0.073271,33.178609,0.100000,300,0.000000,0.000000,10.000000,0.005404,5.543092,29.900000,300,0.663572,33.178609,0.000000,0.008144,no_change
1134,42,0.177961,0.325574,0.041748,29.742165,0.100000,300,0.000000,1.796762,18.100000,0.010776,4.844255,29.900000,300,0.594843,29.742165,3.020564,0.018116,reduce_kp
1135,42,1.078744,0.027985,0.160204,16.821006,0.100000,300,0.000000,0.000000,5.000000,0.002556,1.403813,29.900000,300,0.500000,16.821006,0.000000,0.005113,no_change
1136,42,0.713822,0.328385,0.083191,26.072060,0.100000,300,0.000000,0.164054,7.900000,0.000004,3.408137,29.900000,300,0.521441,26.072060,0.314617,0.000007,no_change
1137,42,0.879277,0.288275,0.053163,16.219595,0.100000,300,0.000000,0.074554,4.800000,0.000046,1.307059,29.900000,300,0.500000,16.219595,0.149107,0.000093,no_change
1138,42,0.177427,0.106367,0.188921,43.817602,0.100000,300,0.000000,2.522805,20.600000,0.274171,10.266353,29.900000,300,0.876352,43.817602,2.878758,0.312855,reduce_kp
1139,42,0.206831,0.253810,0.106332,20.683812,0.100000,300,0.000000,1.947048,-1.0,1.856507,3.566181,29.900000,300,0.500000,20.683812,3.894097,3.713014,reduce_kp
1140,42,0.678811,0.087067,0.125065,20.366937,0.100000,300,0.000000,0.080427,6.300000,0.007675,2.089702,29.900000,300,0.500000,20.366937,0.160855,0.015351,no_change
1141,42,0.924114,0.145315,0.021103,34.158729,0.100000,300,0.000000,0.000000,10.300000,0.002259,5.875127,29.900000,300,0.683175,34.158729,0.000000,0.003306,no_change
1142,42,0.493760,0.160552,0.133048,41.484721,0.100000,300,0.000000,0.273278,13.000000,0.001938,8.787939,29.900000,300,0.829694,41.484721,0.329372,0.002336,increase_kp
1143,42,0.283490,0.063139,0.080311,25.125386,0.100000,300,0.000000,0.530407,12.300000,0.003257,3.297674,29.900000,300,0.502508,25.125386,1.055521,0.006481,reduce_ki
1144,42,0.273994,0.349452,0.088602,25.569722,0.100000,300,0.000000,1.344899,17.300000,0.005216,3.595900,29.900000,300,0.511394,25.569722,2.629866,0.010199,reduce_ki
1145,42,0.446670,0.347012,0.064931,26.151585,0.100000,300,0.000000,0.555663,9.800000,0.000009,3.466474,29.900000,300,0.523032,26.151585,1.062388,0.000018,reduce_ki
1146,42,0.940603,0.150706,0.145174,33.252401,0.100000,300,0.000000,0.021414,10.100000,0.002203,5.565975,29.900000,300,0.665048,33.252401,0.032199,0.003313,no_change
1147,42,0.719459,0.074875,0.153142,42.784408,0.100000,300,0.000000,0.000000,13.300000,0.011937,9.333444,29.900000,300,0.855688,42.784408,0.000000,0.013951,increase_kp
1148,42,0.379498,0.336578,0.089500,26.912717,0.100000,300,0.000000,0.800026,11.700000,0.000195,3.719998,29.900000,300,0.538254,26.912717,1.486334,0.000362,reduce_ki
1149,42,0.898945,0.344035,0.119153,30.528281,0.100000,300,0.000000,0.089075,9.200000,0.000086,4.681247,29.900000,300,0.610566,30.528281,0.145889,0.000141,no_change
1150,42,1.192753,0.105645,0.060067,21.656601,0.100000,300,0.000000,0.000000,6.400000,0.000661,2.327918,29.900000,300,0.500000,21.656601,0.000000,0.001323,no_change
1151,42,1.041292,0.007595,0.164388,35.691576,0.100000,300,0.000000,0.000000,10.900000,0.077092,6.474165,29.900000,300,0.713832,35.691576,0.000000,0.107998,no_change
1152,42,0.403553,0.193782,0.111265,42.777674,0.100000,300,0.000000,0.501361,13.400000,0.002152,9.372306,29.900000,300,0.855553,42.777674,0.586007,0.002515,reduce_ki
1153,42,0.270186,0.013208,0.071131,19.152246,0.100000,300,0.000000,0.138923,7.100000,0.072854,1.961167,29.900000,300,0.500000,19.152246,0.277847,0.145707,no_change
1154,42,0.503791,0.203754,0.046599,39.332227,0.100000,300,0.000000,0.183714,12.100000,0.000151,7.858418,29.900000,300,0.786645,39.332227,0.233541,0.000192,increase_kp
1155,42,0.201096,0.139929,0.183576,37.027979,0.100000,300,0.000000,2.262938,18.900000,0.064759,7.367969,29.900000,300,0.740560,37.027979,3.055714,0.087447,reduce_kp
1156,42,0.895939,0.277516,0.034580,39.771157,0.100000,300,0.000000,0.000000,12.100000,0.000024,8.011182,29.900000,300,0.795423,39.771157,0.000000,0.000030,increase_kp
1157,42,0.858555,0.201681,0.181531,32.856936,0.100000,300,0.000000,0.088709,10.000000,0.002331,5.444390,29.900000,300,0.657139,32.856936,0.134992,0.003547,no_change
1158,42,0.430433,0.255776,0.115257,17.354322,0.100000,300,0.000000,0.612922,9.500000,0.000243,1.630318,29.900000,300,0.500000,17.354322,1.225845,0.000486,reduce_ki
1159,42,0.161515,0.269816,0.069586,39.514251,0.100000,300,0.000000,1.943790,17.500000,0.024169,8.211116,29.900000,300,0.790285,39.514251,2.459606,0.030583,reduce_kp
1160,42,0.558174,0.303741,0.173957,21.801530,0.100000,300,0.000000,0.507774,8.700000,0.000014,2.427894,29.900000,300,0.500000,21.801530,1.015549,0.000028,reduce_ki
1161,42,0.818057,0.210806,0.002287,38.322559,0.100000,300,0.000000,0.000000,11.700000,0.000525,7.427774,29.900000,300,0.766451,38.322559,0.000000,0.000685,no_change
1162,42,0.520736,0.106674,0.008236,31.197892,0.100000,300,0.000000,0.059156,9.500000,0.002423,4.899135,29.900000,300,0.623958,31.197892,0.094808,0.003883,no_change
1163,42,0.264538,0.175841,0.044159,16.515594,0.100000,300,0.000000,1.069740,19.400000,0.058754,1.799296,29.900000,300,0.500000,16.515594,2.139480,0.117507,reduce_ki
1164,42,0.904736,0.137509,0.089123,32.853966,0.100000,300,0.000000,0.004160,9.900000,0.000507,5.425846,29.900000,300,0.657079,32.853966,0.006331,0.000771,no_change
1165,42,0.655202,0.077730,0.057957,26.829672,0.100000,300,0.000000,0.018601,8.200000,0.002911,3.605810,29.900000,300,0.536593,26.829672,0.034665,0.005425,no_change
1166,42,0.245408,0.028891,0.114288,16.479333,0.100000,300,0.000000,0.591302,13.200000,0.070977,1.628379,29.900000,300,0.500000,16.479333,1.182605,0.141955,reduce_ki
1167,42,0.539110,0.029778,0.100365,38.214754,0.100000,300,0.000000,0.000000,12.000000,0.048494,7.445626,29.900000,300,0.764295,38.214754,0.000000,0.063450,increase_kp
1168,42,0.243413,0.047205,0.111859,29.635833,0.100000,300,0.000000,0.723574,15.900000,0.022835,4.637758,29.900000,300,0.592717,29.635833,1.220775,0.038526,reduce_ki
1169,42,0.817473,0.068635,0.123199,37.070033,0.100000,300,0.000000,0.000000,11.400000,0.013938,6.959822,29.900000,300,0.741401,37.070033,0.000000,0.018800,no_change
1170,42,0.370870,0.025075,0.155354,24.702349,0.100000,300,0.000000,0.151195,8.500000,0.063050,3.161067,29.900000,300,0.500000,24.702349,0.302390,0.126100,no_change
1171,42,1.116552,0.031358,0.134350,27.706218,0.100000,300,0.000000,0.000000,8.300000,0.022346,3.856498,29.900000,300,0.554124,27.706218,0.000000,0.040327,no_change
1172,42,0.483139,0.112258,0.118775,15.726205,0.100000,300,0.000000,0.310181,5.000000,0.001303,1.293153,29.900000,300,0.500000,15.726205,0.620361,0.002607,reduce_ki
1173,42,0.435301,0.345678,0.123244,44.704775,0.100000,300,0.000000,0.600332,13.900000,0.001572,10.244951,29.900000,300,0.894096,44.704775,0.671441,0.001758,reduce_ki
1174,42,0.586431,0.051036,0.008976,39.545158,0.100000,300,0.000000,0.000000,12.200000,0.033802,7.960176,29.900000,300,0.790903,39.545158,0.000000,0.042739,increase_kp
1175,42,0.319654,0.130837,0.151547,40.582924,0.100000,300,0.000000,0.792749,12.800000,0.015747,8.490963,29.900000,300,0.811658,40.582924,0.976703,0.019401,reduce_ki
1176,42,0.223609,0.019088,0.189788,42.801891,0.100000,300,0.000000,0.383370,15.100000,0.292136,9.610229,29.900000,300,0.856038,42.801891,0.447842,0.341265,reduce_ki
1177,42,1.055628,0.287047,0.002747,35.813857,0.100000,300,0.000000,0.000000,10.800000,0.000177,6.463455,29.900000,300,0.716277,35.813857,0.000000,0.000247,no_change
1178,42,0.222406,0.157522,0.004550,21.270286,0.100000,300,0.000000,1.158470,15.100000,0.001557,2.529577,29.900000,300,0.500000,21.270286,2.316939,0.003114,reduce_ki
1179,42,0.691806,0.071330,0.104653,22.759740,0.100000,300,0.000000,0.037855,7.000000,0.006615,2.596321,29.900000,300,0.500000,22.759740,0.075709,0.013230,no_change
1180,42,0.631329,0.255473,0.028269,35.962657,0.100000,300,0.000000,0.085393,11.000000,0.000108,6.531964,29.900000,300,0.719253,35.962657,0.118724,0.000150,no_change
1181,42,0.120227,0.204052,0.132706,16.304460,0.100000,300,0.000000,3.142505,-1.0,3.060682,3.850143,29.900000,300,0.500000,16.304460,6.285010,6.121363,reduce_kp
1182,42,0.287352,0.099405,0.157838,33.538943,0.100000,300,0.000000,0.937102,15.700000,0.016430,5.849013,29.900000,300,0.670779,33.538943,1.397036,0.024494,reduce_ki
1183,42,0.158394,0.229165,0.001667,26.659354,0.100000,300,0.000000,1.830166,18.700000,0.001387,4.015479,29.900000,300,0.533187,26.659354,3.432502,0.002602,reduce_kp
1184,42,0.398441,0.298229,0.132020,40.928468,0.100000,300,0.000000,0.719373,12.700000,0.001663,8.572732,29.900000,300,0.818569,40.928468,0.878818,0.002031,reduce_ki
1185,42,0.120986,0.303594,0.129882,21.935059,0.100000,300,0.000000,2.711157,-1.0,2.653821,4.468540,29.900000,300,0.500000,21.935059,5.422313,5.307642,reduce_kp
1186,42,0.518771,0.341814,0.019921,24.463679,0.100000,300,0.000000,0.292320,7.400000,0.000000,3.003165,29.900000,300,0.500000,24.463679,0.584641,0.000000,no_change
1187,42,1.053450,0.186046,0.037283,30.019525,0.100000,300,0.000000,0.000000,9.000000,0.000183,4.512213,29.900000,300,0.600390,30.019525,0.000000,0.000304,no_change
1188,42,0.603785,0.324222,0.004298,22.421764,0.100000,300,0.000000,0.161515,6.700000,0.000000,2.511764,29.900000,300,0.500000,22.421764,0.323030,0.000000,no_change
1189,42,0.682357,0.116749,0.078680,19.710158,0.100000,300,0.000000,0.076410,6.000000,0.002758,1.947906,29.900000,300,0.500000,19.710158,0.152821,0.005515,no_change
1190,42,0.481458,0.123170,0.125046,22.086143,0.100000,300,0.000000,0.294430,7.000000,0.001074,2.490699,29.900000,300,0.500000,22.086143,0.588861,0.002148,no_change
1191,42,1.176069,0.175438,0.162379,33.773771,0.100000,300,0.000000,0.000000,10.200000,0.000276,5.738549,29.900000,300,0.675475,33.773771,0.000000,0.000408,no_change
1192,42,1.066545,0.311641,0.162972,15.883977,0.100000,300,0.000000,0.104517,4.700000,0.000150,1.259824,29.900000,300,0.500000,15.883977,0.209034,0.000300,no_change
1193,42,0.710433,0.098068,0.030342,41.915259,0.100000,300,0.000000,0.000000,12.900000,0.013239,8.945282,29.900000,300,0.838305,41.915259,0.000000,0.015792,increase_kp
1194,42,0.822625,0.030728,0.076441,43.818171,0.100000,300,0.000000,0.000000,13.500000,0.093765,9.839604,29.900000,300,0.876363,43.818171,0.000000,0.106994,increase_kp
1195,42,0.773693,0.218934,0.045486,22.210824,0.100000,300,0.000000,0.092178,6.700000,0.000311,2.463811,29.900000,300,0.500000,22.210824,0.184357,0.000622,no_change
1196,42,0.268024,0.339688,0.181947,24.878542,0.100000,300,0.000000,1.739887,28.800000,0.694722,3.984194,29.900000,300,0.500000,24.878542,3.479774,1.389445,reduce_kp
1197,42,0.696457,0.072365,0.027715,31.240615,0.100000,300,0.000000,0.000000,9.500000,0.006411,4.909497,29.900000,300,0.624812,31.240615,0.000000,0.010261,no_change
1198,42,0.980116,0.301906,0.061800,36.154092,0.100000,300,0.000000,0.013465,11.000000,0.000159,6.592211,29.900000,300,0.723082,36.154092,0.018622,0.000220,no_change
1199,42,0.676186,0.047338,0.199137,44.273307,0.100000,300,0.000000,0.000000,13.900000,0.036009,10.035470,29.900000,300,0.885466,44.273307,0.000000,0.040667,increase_kp
1200,42,0.259668,0.326560,0.183422,24.524886,0.100000,300,0.000000,1.867421,-1.0,1.831766,4.342663,29.900000,300,0.500000,24.524886,3.734841,3.663531,reduce_kp
1201,42,0.713074,0.332011,0.023677,24.527928,0.100000,300,0.000000,0.111441,7.400000,0.000004,3.005872,29.900000,300,0.500000,24.527928,0.222882,0.000008,no_change
1202,42,1.067602,0.254478,0.153087,41.403957,0.100000,300,0.000000,0.008580,12.700000,0.000551,8.703548,29.900000,300,0.828079,41.403957,0.010361,0.000665,increase_kp
1203,42,0.555444,0.143938,0.088601,43.013056,0.100000,300,0.000000,0.098297,13.400000,0.004964,9.436563,29.900000,300,0.860261,43.013056,0.114265,0.005771,increase_kp
1204,42,1.083543,0.326638,0.054759,38.373237,0.100000,300,0.000000,0.000000,11.700000,0.000126,7.444652,29.900000,300,0.767465,38.373237,0.000000,0.000165,no_change
1205,42,0.217449,0.064661,0.152489,33.359448,0.100000,300,0.000000,1.360300,18.000000,0.066200,5.928629,29.900000,300,0.667189,33.359448,2.038853,0.099222,reduce_ki
1206,42,0.393549,0.198465,0.046182,21.965476,0.100000,300,0.000000,0.451496,6.800000,0.000016,2.456636,29.900000,300,0.500000,21.965476,0.902992,0.000032,reduce_ki
1207,42,0.856116,0.125741,0.137628,29.298067,0.100000,300,0.000000,0.034349,8.900000,0.003520,4.309476,29.900000,300,0.585961,29.298067,0.058620,0.006007,no_change
1208,42,0.652557,0.211649,0.142404,26.218782,0.100000,300,0.000000,0.202260,8.100000,0.000235,3.464390,29.900000,300,0.524376,26.218782,0.385716,0.000448,no_change
1209,42,1.037342,0.172006,0.027503,20.797795,0.100000,300,0.000000,0.017726,6.100000,0.000719,2.147027,29.900000,300,0.500000,20.797795,0.035451,0.001438,no_change
1210,42,0.135453,0.267589,0.003003,23.095761,0.100000,300,0.000000,2.070978,-1.0,1.901579,4.102839,29.900000,300,0.500000,23.095761,4.141955,3.803157,reduce_kp
1211,42,0.554348,0.259828,0.197649,37.733298,0.100000,300,0.000000,0.402529,11.700000,0.000256,7.248431,29.900000,300,0.754666,37.733298,0.533387,0.000339,reduce_ki
1212,42,0.172750,0.324486,0.197126,41.013870,0.100000,300,0.000000,2.320265,19.200000,0.032959,8.974851,29.900000,300,0.820277,41.013870,2.828634,0.040180,reduce_kp
1213,42,0.638937,0.113713,0.091509,22.403515,0.100000,300,0.000000,0.110130,6.900000,0.003991,2.525603,29.900000,300,0.500000,22.403515,0.220261,0.007982,no_change
1214,42,0.545353,0.014639,0.147066,26.411225,0.100000,300,0.000000,0.000000,8.500000,0.023930,3.531341,29.900000,300,0.528225,26.411225,0.000000,0.045304,no_change
1215,42,0.444187,0.214027,0.148494,32.814174,0.100000,300,0.000000,0.515170,10.200000,0.000261,5.481921,29.900000,300,0.656283,32.814174,0.784982,0.000398,reduce_ki
1216,42,0.677754,0.306524,0.157384,30.619473,0.100000,300,0.000000,0.249989,9.400000,0.000007,4.729912,29.900000,300,0.612389,30.619473,0.408219,0.000012,no_change
1217,42,0.596771,0.289454,0.008483,44.875091,0.100000,300,0.000000,0.068839,13.900000,0.000105,10.276171,29.900000,300,0.897502,44.875091,0.076700,0.000117,increase_kp
1218,42,0.670573,0.138464,0.147034,31.731028,0.100000,300,0.000000,0.119070,9.800000,0.004795,5.085165,29.900000,300,0.634621,31.731028,0.187625,0.007555,no_change
1219,42,0.667739,0.220727,0.009859,23.735381,0.100000,300,0.000000,0.093117,7.100000,0.000117,2.815028,29.900000,300,0.500000,23.735381,0.186235,0.000235,no_change
1220,42,0.537844,0.106594,0.165524,28.840415,0.100000,300,0.000000,0.212086,9.100000,0.007818,4.224547,29.900000,300,0.576808,28.840415,0.367690,0.013554,no_change
1221,42,0.564708,0.214597,0.010909,30.509090,0.100000,300,0.000000,0.110601,9.300000,0.000086,4.679991,29.900000,300,0.610182,30.509090,0.181259,0.000142,no_change
1222,42,0.256464,0.290463,0.090340,36.679404,0.100000,300,0.000000,1.407775,15.400000,0.000228,6.970019,29.900000,300,0.733588,36.679404,1.919027,0.000310,reduce_ki
1223,42,0.224489,0.272556,0.187568,35.883424,0.100000,300,0.000000,2.050499,18.100000,0.024707,6.881668,29.900000,300,0.717668,35.883424,2.857167,0.034426,reduce_kp
1224,42,0.248837,0.144746,0.090177,20.366357,0.100000,300,0.000000,1.329823,18.200000,0.024223,2.480364,29.900000,300,0.500000,20.366357,2.659646,0.048445,reduce_ki
1225,42,0.749347,0.249422,0.040386,28.640496,0.100000,300,0.000000,0.064849,8.600000,0.000156,4.111122,29.900000,300,0.572810,28.640496,0.113212,0.000272,no_change
1226,42,0.375091,0.242101,0.181432,38.894587,0.100000,300,0.000000,0.908583,15.100000,0.005016,7.767276,29.900000,300,0.777892,38.894587,1.168007,0.006449,reduce_ki
1227,42,0.890212,0.043240,0.022833,28.481953,0.100000,300,0.000000,0.000000,8.500000,0.020630,4.077607,29.900000,300,0.569639,28.481953,0.000000,0.036216,no_change
1228,42,0.499238,0.183336,0.076817,38.731998,0.100000,300,0.000000,0.228668,12.000000,0.000370,7.625265,29.900000,300,0.774640,38.731998,0.295192,0.000477,increase_kp
1229,42,0.662833,0.332414,0.075736,26.418210,0.100000,300,0.000000,0.186999,8.000000,0.000000,3.501859,29.900000,300,0.528364,26.418210,0.353920,0.000000,no_change
1230,42,0.945086,0.319288,0.113098,34.785910,0.100000,300,0.000000,0.052121,10.600000,0.000267,6.099405,29.900000,300,0.695718,34.785910,0.074916,0.000384,no_change
1231,42,0.265099,0.304086,0.035773,36.361425,0.100000,300,0.000000,1.187537,14.300000,0.001744,6.795247,29.900000,300,0.727228,36.361425,1.632963,0.002399,reduce_ki
1232,42,0.561540,0.108331,0.153726,28.387747,0.100000,300,0.000000,0.183427,8.900000,0.007365,4.084644,29.900000,300,0.567755,28.387747,0.323074,0.012972,no_change
1233,42,0.789098,0.041144,0.026314,21.085551,0.100000,300,0.000000,0.000000,6.300000,0.004693,2.213942,29.900000,300,0.500000,21.085551,0.000000,0.009386,no_change
1234,42,0.784816,0.088589,0.091729,40.662332,0.100000,300,0.000000,0.000000,12.500000,0.011927,8.404005,29.900000,300,0.813247,40.662332,0.000000,0.014665,increase_kp
1235,42,0.697851,0.002013,0.176541,22.136351,0.100000,300,0.000000,0.000000,7.000000,0.045604,2.488449,29.900000,300,0.500000,22.136351,0.000000,0.091208,no_change
1236,42,0.747749,0.166499,0.082030,17.382148,0.100000,300,0.000000,0.098683,5.200000,0.000896,1.514039,29.900000,300,0.500000,17.382148,0.197365,0.001791,no_change
1237,42,0.760112,0.085650,0.109468,33.592981,0.100000,300,0.000000,0.000000,10.300000,0.002010,5.685973,29.900000,300,0.671860,33.592981,0.000000,0.002991,no_change
1238,42,0.713304,0.288838,0.009784,19.447685,0.100000,300,0.000000,0.113952,5.800000,0.000011,1.884209,29.900000,300,0.500000,19.447685,0.227904,0.000023,no_change
1239,42,0.818605,0.012852,0.170766,35.009896,0.100000,300,0.000000,0.000000,10.800000,0.074899,6.235436,29.900000,300,0.700198,35.009896,0.000000,0.106968,no_change
1240,42,1.021816,0.104455,0.184077,16.470941,0.100000,300,0.000000,0.048400,5.000000,0.006512,1.359169,29.900000,300,0.500000,16.470941,0.096800,0.013024,no_change
1241,42,0.558653,0.062387,0.134418,33.332693,0.100000,300,0.000000,0.051953,10.400000,0.012906,5.621231,29.900000,300,0.666654,33.332693,0.077931,0.019360,no_change
1242,42,0.860665,0.208239,0.157462,20.322578,0.100000,300,0.000000,0.109994,6.200000,0.000799,2.070318,29.900000,300,0.500000,20.322578,0.219988,0.001599,no_change
1243,42,0.600872,0.202638,0.186296,17.793789,0.100000,300,0.000000,0.355468,5.500000,0.000011,1.625928,29.900000,300,0.500000,17.793789,0.710935,0.000022,reduce_ki
1244,42,0.429224,0.128999,0.075788,17.030000,0.100000,300,0.000000,0.367719,5.300000,0.000089,1.502961,29.900000,300,0.500000,17.030000,0.735437,0.000178,reduce_ki
1245,42,0.570056,0.192665,0.058567,19.036374,0.100000,300,0.000000,0.201116,5.800000,0.000063,1.825209,29.900000,300,0.500000,19.036374,0.402232,0.000126,no_change
1246,42,0.864081,0.096046,0.105411,30.739386,0.100000,300,0.000000,0.000000,9.300000,0.000301,4.741478,29.900000,300,0.614788,30.739386,0.000000,0.000490,no_change
1247,42,0.865412,0.214219,0.021860,36.891856,0.100000,300,0.000000,0.000000,11.200000,0.000141,6.869629,29.900000,300,0.737837,36.891856,0.000000,0.000191,no_change
1248,42,0.791876,0.345516,0.096733,35.659628,0.100000,300,0.000000,0.111224,10.900000,0.000062,6.421039,29.900000,300,0.713193,35.659628,0.155952,0.000087,no_change
1249,42,1.127281,0.345197,0.057437,33.265338,0.100000,300,0.000000,0.009409,10.000000,0.000082,5.560584,29.900000,300,0.665307,33.265338,0.014142,0.000123,no_change
1250,42,0.448137,0.183887,0.199005,25.615600,0.100000,300,0.000000,0.600770,11.400000,0.000214,3.368337,29.900000,300,0.512312,25.615600,1.172664,0.000418,reduce_ki
1251,42,0.242684,0.196922,0.103941,33.955728,0.100000,300,0.000000,1.479734,15.700000,0.012283,6.028832,29.900000,300,0.679115,33.955728,2.178916,0.018086,reduce_ki
1252,42,0.641755,0.062968,0.121881,36.257612,0.100000,300,0.000000,0.000000,11.200000,0.002764,6.649977,29.900000,300,0.725152,36.257612,0.000000,0.003812,no_change
1253,42,1.177183,0.000553,0.004797,33.763822,0.100000,300,0.000000,0.000000,10.200000,0.071681,5.775514,29.900000,300,0.675276,33.763822,0.000000,0.106151,no_change
1254,42,0.229718,0.296824,0.159913,44.969610,0.100000,300,0.000000,1.757251,18.100000,0.036342,10.545386,29.900000,300,0.899392,44.969610,1.953820,0.040408,reduce_kp
1255,42,0.555445,0.116827,0.112083,34.125106,0.100000,300,0.000000,0.133117,10.600000,0.006139,5.897969,29.900000,300,0.682502,34.125106,0.195043,0.008995,no_change
1256,42,0.112427,0.070415,0.056325,38.705865,0.100000,300,0.000000,2.985008,21.200000,0.280172,8.262035,29.900000,300,0.774117,38.705865,3.856015,0.361924,reduce_kp
1257,42,0.438550,0.177341,0.064785,15.183938,0.100000,300,0.000000,0.410306,4.700000,0.000018,1.217475,29.900000,300,0.500000,15.183938,0.820611,0.000036,reduce_ki
1258,42,0.854419,0.119477,0.144879,33.479800,0.100000,300,0.000000,0.023022,10.200000,0.003382,5.646762,29.900000,300,0.669596,33.479800,0.034382,0.005050,no_change
1259,42,0.132029,0.061470,0.066103,25.138106,0.100000,300,0.000000,2.736629,25.100000,0.231264,4.148267,29.900000,300,0.502762,25.138106,5.443188,0.459987,reduce_kp
1260,42,0.839720,0.320657,0.159451,34.369567,0.100000,300,0.000000,0.143069,10.500000,0.000193,5.963470,29.900000,300,0.687391,34.369567,0.208133,0.000280,no_change
1261,42,0.629645,0.219520,0.178412,31.109026,0.100000,300,0.000000,0.283549,9.600000,0.000164,4.898086,29.900000,300,0.622181,31.109026,0.455735,0.000263,no_change
1262,42,0.468621,0.274396,0.082791,37.277539,0.100000,300,0.000000,0.397234,11.500000,0.000111,7.058986,29.900000,300,0.745551,37.277539,0.532806,0.000148,reduce_ki
1263,42,1.018616,0.104770,0.144993,24.465085,0.100000,300,0.000000,0.009271,7.400000,0.001694,2.986367,29.900000,300,0.500000,24.465085,0.018542,0.003388,no_change
1264,42,0.689474,0.072892,0.137099,38.986060,0.100000,300,0.000000,0.000000,12.100000,0.003607,7.709483,29.900000,300,0.779721,38.986060,0.000000,0.004627,increase_kp
1265,42,1.076832,0.123758,0.193923,23.413801,0.100000,300,0.000000,0.030975,7.100000,0.004215,2.739528,29.900000,300,0.500000,23.413801,0.061951,0.008429,no_change
1266,42,0.134290,0.344267,0.125302,40.272173,0.100000,300,0.000000,2.262122,19.200000,0.034035,8.686221,29.900000,300,0.805443,40.272173,2.808542,0.042257,reduce_kp
1267,42,0.728080,0.136348,0.119038,40.937811,0.100000,300,0.000000,0.010867,12.600000,0.001497,8.512263,29.900000,300,0.818756,40.937811,0.013273,0.001828,increase_kp
1268,42,0.926694,0.246843,0.062900,15.948846,0.100000,300,0.000000,0.064339,4.700000,0.000189,1.263938,29.900000,300,0.500000,15.948846,0.128677,0.000377,no_change
1269,42,0.555257,0.173969,0.047528,28.557190,0.100000,300,0.000000,0.138637,8.800000,0.000376,4.103481,29.900000,300,0.571144,28.557190,0.242736,0.000658,no_change
1270,42,1.145799,0.075649,0.060464,18.366938,0.100000,300,0.000000,0.000000,5.400000,0.000821,1.668916,29.900000,300,0.500000,18.366938,0.000000,0.001642,no_change
1271,42,0.963438,0.272227,0.182671,28.313223,0.100000,300,0.000000,0.102439,8.600000,0.000654,4.025137,29.900000,300,0.566264,28.313223,0.180903,0.001155,no_change
1272,42,0.127428,0.168932,0.100011,20.706350,0.100000,300,0.000000,3.008225,-1.0,3.008161,4.443284,29.900000,300,0.500000,20.706350,6.016450,6.016322,reduce_kp
1273,42,1.116000,0.256354,0.104726,38.265996,0.100000,300,0.000000,0.000000,11.600000,0.000142,7.402971,29.900000,300,0.765320,38.265996,0.000000,0.000186,no_change
1274,42,0.257625,0.305130,0.164428,43.140715,0.100000,300,0.000000,1.592256,17.300000,0.022330,9.670127,29.900000,300,0.862814,43.140715,1.845422,0.025881,reduce_kp
1275,42,0.844389,0.046451,0.144914,28.781052,0.100000,300,0.000000,0.000000,8.800000,0.008270,4.160552,29.900000,300,0.575621,28.781052,0.000000,0.014368,no_change
1276,42,0.885045,0.182821,0.000822,42.970120,0.100000,300,0.000000,0.000000,13.200000,0.005037,9.400885,29.900000,300,0.859402,42.970120,0.000000,0.005861,increase_kp
1277,42,0.855758,0.208001,0.017415,29.006277,0.100000,300,0.000000,0.009077,8.700000,0.000162,4.210018,29.900000,300,0.580126,29.006277,0.015647,0.000279,no_change
1278,42,0.150754,0.182202,0.131797,24.374424,0.100000,300,0.000000,2.782271,-1.0,1.375933,4.489888,29.900000,300,0.500000,24.374424,5.564542,2.751866,reduce_kp
1279,42,0.735316,0.109250,0.178427,24.626411,0.100000,300,0.000000,0.093879,7.700000,0.007368,3.055274,29.900000,300,0.500000,24.626411,0.187757,0.014735,no_change
1280,42,0.311800,0.096827,0.063830,28.233469,0.100000,300,0.000000,0.531655,9.000000,0.001170,4.092151,29.900000,300,0.564669,28.233469,0.941532,0.002072,reduce_ki
1281,42,0.229416,0.052262,0.054727,15.457702,0.100000,300,0.000000,0.777912,13.600000,0.005420,1.457542,29.900000,300,0.500000,15.457702,1.555824,0.010839,reduce_ki
1282,42,0.785239,0.179921,0.041315,25.509544,0.100000,300,0.000000,0.043827,7.700000,0.000694,3.252086,29.900000,300,0.510191,25.509544,0.085904,0.001360,no_change
1283,42,0.450333,0.049545,0.140871,23.498031,0.100000,300,0.000000,0.167182,7.700000,0.028933,2.833231,29.900000,300,0.500000,23.498031,0.334365,0.057865,no_change
1284,42,0.369308,0.024935,0.122653,25.162167,0.100000,300,0.000000,0.121909,8.600000,0.050525,3.256146,29.900000,300,0.503243,25.162167,0.242247,0.100399,no_change
1285,42,0.588012,0.045526,0.094147,35.264878,0.100000,300,0.000000,0.000000,10.900000,0.015018,6.298536,29.900000,300,0.705298,35.264878,0.000000,0.021293,no_change
1286,42,0.216520,0.018830,0.085293,20.369490,0.100000,300,0.000000,0.467662,7.600000,0.137783,2.352126,29.900000,300,0.500000,20.369490,0.935324,0.275566,reduce_ki
1287,42,0.755733,0.207465,0.167235,35.980965,0.100000,300,0.000000,0.108026,11.100000,0.001832,6.551076,29.900000,300,0.719619,35.980965,0.150115,0.002545,no_change
1288,42,0.777947,0.109354,0.163488,36.386961,0.100000,300,0.000000,0.025858,11.200000,0.004598,6.694886,29.900000,300,0.727739,36.386961,0.035532,0.006318,no_change
1289,42,0.837957,0.186720,0.194736,37.672288,0.100000,300,0.000000,0.063712,11.600000,0.003353,7.188813,29.900000,300,0.753446,37.672288,0.084561,0.004450,no_change
1290,42,0.612265,0.046128,0.162570,42.590671,0.100000,300,0.000000,0.000000,13.400000,0.027715,9.267455,29.900000,300,0.851813,42.590671,0.000000,0.032537,increase_kp
1291,42,0.615103,0.159454,0.136896,36.306477,0.100000,300,0.000000,0.136251,11.200000,0.003075,6.681898,29.900000,300,0.726130,36.306477,0.187640,0.004235,no_change
1292,42,0.611936,0.081093,0.044759,40.832888,0.100000,300,0.000000,0.000000,12.600000,0.009136,8.478479,29.900000,300,0.816658,40.832888,0.000000,0.011188,increase_kp
1293,42,0.778636,0.319502,0.078415,35.988439,0.100000,300,0.000000,0.098220,11.000000,0.000116,6.540987,29.900000,300,0.719769,35.988439,0.136461,0.000162,no_change
1294,42,0.831699,0.276073,0.176481,28.598492,0.100000,300,0.000000,0.163258,8.700000,0.000292,4.114868,29.900000,300,0.571970,28.598492,0.285431,0.000511,no_change
1295,42,0.133291,0.166367,0.070288,28.837251,0.100000,300,0.000000,2.598542,22.400000,0.059408,4.965504,29.900000,300,0.576745,28.837251,4.505530,0.103005,reduce_kp
1296,42,0.287882,0.268780,0.120888,18.821820,0.100000,300,0.000000,1.433499,-1.0,1.337752,2.818577,29.900000,300,0.500000,18.821820,2.866998,2.675505,increase_ki
1297,42,0.213225,0.286144,0.159352,24.776092,0.100000,300,0.000000,2.158749,-1.0,1.996833,4.537470,29.900000,300,0.500000,24.776092,4.317498,3.993665,reduce_kp
1298,42,0.814397,0.277351,0.106549,27.024494,0.100000,300,0.000000,0.116689,8.200000,0.000165,3.662363,29.900000,300,0.540490,27.024494,0.215895,0.000306,no_change
1299,42,0.554786,0.217306,0.109590,44.216752,0.100000,300,0.000000,0.205026,13.800000,0.000612,9.991986,29.900000,300,0.884335,44.216752,0.231842,0.000692,increase_kp
1300,42,0.522198,0.119250,0.162783,32.729106,0.100000,300,0.000000,0.242271,10.300000,0.006327,5.444797,29.900000,300,0.654582,32.729106,0.370116,0.009666,no_change
1301,42,0.962745,0.152374,0.157465,31.335806,0.100000,300,0.000000,0.025904,9.500000,0.002442,4.934669,29.900000,300,0.626716,31.335806,0.041333,0.003896,no_change
1302,42,0.359770,0.231914,0.015579,42.925898,0.100000,300,0.000000,0.450252,13.300000,0.000421,9.415670,29.900000,300,0.858518,42.925898,0.524453,0.000491,reduce_ki
1303,42,0.731607,0.170321,0.118433,28.887253,0.100000,300,0.000000,0.101364,8.800000,0.001909,4.197449,29.900000,300,0.577745,28.887253,0.175447,0.003305,no_change
1304,42,0.710596,0.287708,0.035235,43.676503,0.100000,300,0.000000,0.047664,13.500000,0.000295,9.716794,29.900000,300,0.873530,43.676503,0.054565,0.000338,increase_kp
1305,42,0.176568,0.038061,0.162813,38.140301,0.100000,300,0.000000,1.535292,22.200000,0.129322,7.858119,29.900000,300,0.762806,38.140301,2.012690,0.169535,reduce_kp
1306,42,0.516802,0.173003,0.132033,17.715990,0.100000,300,0.000000,0.345998,5.500000,0.000004,1.612141,29.900000,300,0.500000,17.715990,0.691996,0.000007,reduce_ki
1307,42,0.998737,0.310542,0.180651,34.083985,0.100000,300,0.000000,0.080350,10.400000,0.000583,5.856972,29.900000,300,0.681680,34.083985,0.117871,0.000855,no_change
1308,42,0.100203,0.051354,0.029843,30.937675,0.100000,300,0.000000,3.218168,23.500000,0.019742,5.780062,29.900000,300,0.618753,30.937675,5.201050,0.031906,reduce_kp
1309,42,0.528981,0.202276,0.039133,35.445504,0.100000,300,0.000000,0.147602,10.900000,0.000170,6.353771,29.900000,300,0.708910,35.445504,0.208210,0.000239,no_change
1310,42,0.448257,0.199597,0.182641,24.136504,0.100000,300,0.000000,0.648527,11.100000,0.000261,3.000100,29.900000,300,0.500000,24.136504,1.297054,0.000522,reduce_ki
1311,42,1.137667,0.152154,0.196516,25.327939,0.100000,300,0.000000,0.033424,7.700000,0.003416,3.208277,29.900000,300,0.506559,25.327939,0.065983,0.006743,no_change
1312,42,0.198216,0.002842,0.197284,27.125922,0.100000,300,0.000000,0.012540,12.500000,0.011387,4.007920,29.900000,300,0.542518,27.125922,0.023115,0.020990,increase_kp
1313,42,0.240311,0.102965,0.073845,31.466554,0.100000,300,0.000000,1.010023,14.700000,0.000105,5.147524,29.900000,300,0.629331,31.466554,1.604915,0.000167,reduce_ki
1314,42,0.158440,0.246174,0.164151,25.777339,0.100000,300,0.000000,2.674784,-1.0,2.078645,5.024769,29.900000,300,0.515547,25.777339,5.188247,4.031923,reduce_kp
1315,42,1.047373,0.302988,0.047048,36.066656,0.100000,300,0.000000,0.000592,10.900000,0.000012,6.557268,29.900000,300,0.721333,36.066656,0.000820,0.000017,no_change
1316,42,0.533695,0.111345,0.076558,26.446951,0.100000,300,0.000000,0.143129,8.200000,0.003556,3.529091,29.900000,300,0.528939,26.446951,0.270597,0.006723,no_change
1317,42,0.699631,0.231871,0.094974,20.646805,0.100000,300,0.000000,0.146760,6.300000,0.000095,2.137378,29.900000,300,0.500000,20.646805,0.293521,0.000190,no_change
1318,42,0.523055,0.323569,0.167993,19.628019,0.100000,300,0.000000,0.592338,9.200000,0.000043,2.013974,29.900000,300,0.500000,19.628019,1.184676,0.000087,reduce_ki
1319,42,1.197202,0.234523,0.026855,17.152380,0.100000,300,0.000000,0.012008,5.000000,0.000207,1.452557,29.900000,300,0.500000,17.152380,0.024015,0.000414,no_change
1320,42,0.117279,0.252469,0.097340,28.102053,0.100000,300,0.000000,2.639063,27.800000,0.682664,5.141394,29.900000,300,0.562041,28.102053,4.695498,1.214616,reduce_kp
1321,42,1.189239,0.029632,0.128449,27.475664,0.100000,300,0.000000,0.000000,8.300000,0.024090,3.791964,29.900000,300,0.549513,27.475664,0.000000,0.043840,no_change
1322,42,0.601632,0.276125,0.120886,27.771125,0.100000,300,0.000000,0.310684,8.500000,0.000004,3.889683,29.900000,300,0.555423,27.771125,0.559366,0.000007,reduce_ki
1323,42,0.297777,0.178295,0.110410,28.501373,0.100000,300,0.000000,1.071552,13.800000,0.003240,4.233562,29.900000,300,0.570027,28.501373,1.879825,0.005685,reduce_ki
1324,42,0.490838,0.065027,0.120915,32.338155,0.100000,300,0.000000,0.104633,10.200000,0.017848,5.303441,29.900000,300,0.646763,32.338155,0.161780,0.027595,no_change
1325,42,1.031484,0.082862,0.100346,27.325134,0.100000,300,0.000000,0.000000,8.200000,0.003604,3.735557,29.900000,300,0.546503,27.325134,0.000000,0.006594,no_change
1326,42,0.700783,0.128440,0.195647,32.044487,0.100000,300,0.000000,0.112950,9.900000,0.007347,5.191664,29.900000,300,0.640890,32.044487,0.176240,0.011464,no_change
1327,42,0.875371,0.039608,0.096307,35.714918,0.100000,300,0.000000,0.000000,10.900000,0.038052,6.464935,29.900000,300,0.714298,35.714918,0.000000,0.053272,no_change
1328,42,0.256296,0.255953,0.196716,44.510051,0.100000,300,0.000000,1.693046,18.000000,0.034661,10.328184,29.900000,300,0.890201,44.510051,1.901869,0.038937,reduce_kp
1329,42,0.956757,0.162728,0.015647,41.697464,0.100000,300,0.000000,0.000000,12.800000,0.007875,8.840620,29.900000,300,0.833949,41.697464,0.000000,0.009444,increase_kp
1330,42,0.197291,0.165358,0.148337,43.812331,0.100000,300,0.000000,2.047676,18.900000,0.017137,10.098455,29.900000,300,0.876247,43.812331,2.336872,0.019557,reduce_kp
1331,42,0.185890,0.221791,0.159620,24.374992,0.100000,300,0.000000,2.448317,-1.0,1.597698,4.478593,29.900000,300,0.500000,24.374992,4.896635,3.195396,reduce_kp
1332,42,0.158052,0.120241,0.155705,29.066064,0.100000,300,0.000000,2.846220,23.500000,0.001429,5.145333,29.900000,300,0.581321,29.066064,4.896123,0.002457,reduce_kp
1333,42,0.663929,0.164231,0.146763,27.630483,0.100000,300,0.000000,0.165025,8.500000,0.001884,3.850725,29.900000,300,0.552610,27.630483,0.298628,0.003410,no_change
1334,42,1.156639,0.279378,0.057842,16.059787,0.100000,300,0.000000,0.035803,4.700000,0.000200,1.275854,29.900000,300,0.500000,16.059787,0.071605,0.000400,no_change
1335,42,1.115151,0.262299,0.145394,31.911188,0.100000,300,0.000000,0.025785,9.600000,0.000655,5.115257,29.900000,300,0.638224,31.911188,0.040401,0.001027,no_change
1336,42,0.167560,0.165606,0.033816,16.548597,0.100000,300,0.000000,2.125524,-1.0,2.125523,3.075295,29.900000,300,0.500000,16.548597,4.251048,4.251046,reduce_kp
1337,42,1.189401,0.283114,0.124863,23.604470,0.100000,300,0.000000,0.035341,7.000000,0.000405,2.776615,29.900000,300,0.500000,23.604470,0.070683,0.000811,no_change
1338,42,0.190761,0.176959,0.170289,23.335464,0.100000,300,0.000000,2.454376,-1.0,1.019387,3.990503,29.900000,300,0.500000,23.335464,4.908752,2.038774,reduce_kp
1339,42,0.245793,0.098340,0.171572,15.426090,0.100000,300,0.000000,1.574830,-1.0,0.774237,2.130622,29.900000,300,0.500000,15.426090,3.149660,1.548474,reduce_kp
1340,42,0.222704,0.061115,0.118354,19.534068,0.100000,300,0.000000,1.198162,17.500000,0.013729,2.293535,29.900000,300,0.500000,19.534068,2.396324,0.027459,reduce_ki
1341,42,0.591318,0.282744,0.052251,36.023246,0.100000,300,0.000000,0.179083,11.000000,0.000005,6.562628,29.900000,300,0.720465,36.023246,0.248565,0.000007,no_change
1342,42,0.633410,0.279780,0.172403,25.285440,0.100000,300,0.000000,0.339009,7.800000,0.000004,3.229322,29.900000,300,0.505709,25.285440,0.670364,0.000007,reduce_ki
1343,42,0.192842,0.050775,0.186788,19.624509,0.100000,300,0.000000,1.874256,25.000000,0.314942,2.758284,29.900000,300,0.500000,19.624509,3.748512,0.629884,reduce_kp
1344,42,0.645543,0.347755,0.154074,22.138423,0.100000,300,0.000000,0.339398,6.800000,0.000001,2.470458,29.900000,300,0.500000,22.138423,0.678796,0.000002,reduce_ki
1345,42,0.584204,0.223151,0.042171,37.030833,0.100000,300,0.000000,0.138934,11.300000,0.000266,6.941187,29.900000,300,0.740617,37.030833,0.187592,0.000360,no_change
1346,42,0.479583,0.224791,0.151097,18.479831,0.100000,300,0.000000,0.548290,8.600000,0.000063,1.792145,29.900000,300,0.500000,18.479831,1.096581,0.000127,reduce_ki
1347,42,0.284360,0.139561,0.060273,37.384516,0.100000,300,0.000000,0.733788,11.700000,0.000364,7.168920,29.900000,300,0.747690,37.384516,0.981406,0.000486,reduce_ki
1348,42,0.927671,0.186382,0.075960,36.168234,0.100000,300,0.000000,0.005918,11.000000,0.000407,6.598509,29.900000,300,0.723365,36.168234,0.008181,0.000563,no_change
1349,42,0.622049,0.050802,0.174056,15.355891,0.100000,300,0.000000,0.097784,5.000000,0.021405,1.220352,29.900000,300,0.500000,15.355891,0.195567,0.042810,no_change
1350,42,1.119945,0.157087,0.135699,43.852882,0.100000,300,0.000000,0.000000,13.500000,0.010596,9.806144,29.900000,300,0.877058,43.852882,0.000000,0.012082,increase_kp
1351,42,0.851164,0.014356,0.183542,34.122725,0.100000,300,0.000000,0.000000,10.500000,0.064782,5.914526,29.900000,300,0.682454,34.122725,0.000000,0.094926,no_change
1352,42,1.151802,0.151125,0.183608,40.750670,0.100000,300,0.000000,0.000000,12.500000,0.005999,8.431955,29.900000,300,0.815013,40.750670,0.000000,0.007361,increase_kp
1353,42,0.468464,0.093481,0.019655,34.630298,0.100000,300,0.000000,0.073564,10.700000,0.004445,6.062920,29.900000,300,0.692606,34.630298,0.106213,0.006417,no_change
1354,42,0.530269,0.270603,0.149818,37.029404,0.100000,300,0.000000,0.390589,11.400000,0.000017,6.969571,29.900000,300,0.740588,37.029404,0.527403,0.000023,reduce_ki
1355,42,0.747597,0.068224,0.067481,35.708350,0.100000,300,0.000000,0.000000,10.900000,0.013750,6.449302,29.900000,300,0.714167,35.708350,0.000000,0.019253,no_change
1356,42,0.297908,0.191664,0.134560,39.950685,0.100000,300,0.000000,1.075107,16.000000,0.010127,8.230954,29.900000,300,0.799014,39.950685,1.345543,0.012674,reduce_ki
1357,42,0.113158,0.034195,0.020781,28.378266,0.100000,300,0.000000,2.228805,21.400000,0.077893,4.722126,29.900000,300,0.567565,28.378266,3.926957,0.137241,reduce_kp
1358,42,0.341358,0.099154,0.038616,15.711014,0.100000,300,0.000000,0.437208,5.000000,0.000061,1.316492,29.900000,300,0.500000,15.711014,0.874415,0.000123,reduce_ki
1359,42,0.201135,0.328477,0.131321,40.063774,0.100000,300,0.000000,1.850822,17.500000,0.020140,8.417983,29.900000,300,0.801275,40.063774,2.309845,0.025135,reduce_kp
1360,42,1.145538,0.223329,0.141615,18.599313,0.100000,300,0.000000,0.047836,5.500000,0.000936,1.721287,29.900000,300,0.500000,18.599313,0.095672,0.001872,no_change
1361,42,1.042085,0.045468,0.131279,41.996916,0.100000,300,0.000000,0.000000,12.900000,0.057324,9.000606,29.900000,300,0.839938,41.996916,0.000000,0.068247,increase_kp
1362,42,0.722676,0.338508,0.179200,35.869609,0.100000,300,0.000000,0.239173,11.000000,0.000019,6.514555,29.900000,300,0.717392,35.869609,0.333393,0.000027,no_change
1363,42,0.378669,0.163434,0.187236,34.163415,0.100000,300,0.000000,0.765785,14.100000,0.000810,5.995715,29.900000,300,0.683268,34.163415,1.120767,0.001185,reduce_ki
1364,42,1.114965,0.096734,0.085397,42.101745,0.100000,300,0.000000,0.000000,12.900000,0.026599,9.028296,29.900000,300,0.842035,42.101745,0.000000,0.031589,increase_kp
1365,42,0.946869,0.113191,0.032393,17.219912,0.100000,300,0.000000,0.016053,5.100000,0.001476,1.468759,29.900000,300,0.500000,17.219912,0.032106,0.002952,no_change
1366,42,0.954817,0.133980,0.066531,16.801759,0.100000,300,0.000000,0.037061,5.000000,0.002140,1.403426,29.900000,300,0.500000,16.801759,0.074122,0.004279,no_change
1367,42,1.151166,0.092633,0.088115,29.751654,0.100000,300,0.000000,0.000000,8.900000,0.006475,4.439989,29.900000,300,0.595033,29.751654,0.000000,0.010882,no_change
1368,42,1.121445,0.213606,0.035688,29.761719,0.100000,300,0.000000,0.000000,8.900000,0.000454,4.434826,29.900000,300,0.595234,29.761719,0.000000,0.000763,no_change
1369,42,0.258260,0.269048,0.043677,34.300145,0.100000,300,0.000000,1.204614,14.300000,0.001468,6.066794,29.900000,300,0.686003,34.300145,1.755990,0.002140,reduce_ki
1370,42,1.103870,0.250390,0.020657,17.187585,0.100000,300,0.000000,0.017964,5.000000,0.000156,1.459565,29.900000,300,0.500000,17.187585,0.035927,0.000311,no_change
1371,42,0.728479,0.087709,0.089176,41.895372,0.100000,300,0.000000,0.000000,12.900000,0.012051,8.936512,29.900000,300,0.837907,41.895372,0.000000,0.014382,increase_kp
1372,42,0.263740,0.224117,0.186579,34.938175,0.100000,300,0.000000,1.717228,16.700000,0.019793,6.435401,29.900000,300,0.698764,34.938175,2.457523,0.028326,reduce_kp
1373,42,0.393080,0.245019,0.180924,32.239208,0.100000,300,0.000000,0.854508,13.200000,0.001269,5.329463,29.900000,300,0.644784,32.239208,1.325262,0.001968,reduce_ki
1374,42,0.666921,0.328969,0.098136,28.081730,0.100000,300,0.000000,0.245350,8.500000,0.000001,3.966026,29.900000,300,0.561635,28.081730,0.436850,0.000001,no_change
1375,42,1.028454,0.273328,0.157076,31.203862,0.100000,300,0.000000,0.057853,9.400000,0.000748,4.892766,29.900000,300,0.624077,31.203862,0.092702,0.001198,no_change
1376,42,0.103638,0.333954,0.163595,29.461990,0.100000,300,0.000000,2.750134,-1.0,1.761775,5.978682,29.900000,300,0.589240,29.461990,4.667258,2.989911,reduce_kp
1377,42,0.723968,0.327265,0.071784,35.455072,0.100000,300,0.000000,0.126063,10.800000,0.000040,6.347237,29.900000,300,0.709101,35.455072,0.177778,0.000057,no_change
1378,42,0.540676,0.221295,0.191765,17.720009,0.100000,300,0.000000,0.479931,5.500000,0.000009,1.640583,29.900000,300,0.500000,17.720009,0.959862,0.000019,reduce_ki
1379,42,0.688089,0.336324,0.016091,28.789181,0.100000,300,0.000000,0.119842,8.700000,0.000005,4.155519,29.900000,300,0.575784,28.789181,0.208137,0.000008,no_change
1380,42,0.943159,0.226727,0.035324,16.179935,0.100000,300,0.000000,0.045189,4.700000,0.000257,1.297682,29.900000,300,0.500000,16.179935,0.090379,0.000514,no_change
1381,42,0.522580,0.066851,0.139176,41.893821,0.100000,300,0.000000,0.028583,13.200000,0.009570,8.948117,29.900000,300,0.837876,41.893821,0.034114,0.011422,increase_kp
1382,42,0.793679,0.125741,0.016972,33.983738,0.100000,300,0.000000,0.000000,10.300000,0.001845,5.815066,29.900000,300,0.679675,33.983738,0.000000,0.002715,no_change
1383,42,0.908857,0.048980,0.038619,36.592171,0.100000,300,0.000000,0.000000,11.100000,0.037774,6.789038,29.900000,300,0.731843,36.592171,0.000000,0.051615,no_change
1384,42,0.752240,0.171231,0.012599,31.216561,0.100000,300,0.000000,0.017640,9.400000,0.000485,4.890196,29.900000,300,0.624331,31.216561,0.028254,0.000776,no_change
1385,42,0.438504,0.186879,0.166850,28.479218,0.100000,300,0.000000,0.580032,11.400000,0.000159,4.142902,29.900000,300,0.569584,28.479218,1.018343,0.000278,reduce_ki
1386,42,1.195417,0.012965,0.011211,38.633356,0.100000,300,0.000000,0.000000,11.700000,0.077606,7.593763,29.900000,300,0.772667,38.633356,0.000000,0.100439,no_change
1387,42,0.147096,0.041365,0.161421,35.019493,0.100000,300,0.000000,2.470075,22.100000,0.128131,6.898736,29.900000,300,0.700390,35.019493,3.526715,0.182943,reduce_kp
1388,42,0.604207,0.237327,0.174851,19.468609,0.100000,300,0.000000,0.339169,6.000000,0.000005,1.927558,29.900000,300,0.500000,19.468609,0.678337,0.000011,reduce_ki
1389,42,0.737280,0.323686,0.007376,19.247714,0.100000,300,0.000000,0.097199,5.700000,0.000004,1.842797,29.900000,300,0.500000,19.247714,0.194398,0.000008,no_change
1390,42,0.819215,0.164927,0.183604,16.374051,0.100000,300,0.000000,0.133505,5.000000,0.001862,1.356794,29.900000,300,0.500000,16.374051,0.267010,0.003723,no_change
1391,42,0.871426,0.045688,0.034450,16.498740,0.100000,300,0.000000,0.002337,4.900000,0.000876,1.345546,29.900000,300,0.500000,16.498740,0.004673,0.001752,no_change
1392,42,0.438071,0.277794,0.091237,20.120682,0.100000,300,0.000000,0.560747,8.800000,0.000001,2.095681,29.900000,300,0.500000,20.120682,1.121495,0.000002,reduce_ki
1393,42,0.750147,0.286230,0.021266,29.914305,0.100000,300,0.000000,0.068503,9.000000,0.000068,4.488223,29.900000,300,0.598286,29.914305,0.114498,0.000114,no_change
1394,42,0.979093,0.077200,0.160891,27.786344,0.100000,300,0.000000,0.000000,8.400000,0.001565,3.865366,29.900000,300,0.555727,27.786344,0.000000,0.002817,no_change
1395,42,0.992673,0.343767,0.135680,24.727048,0.100000,300,0.000000,0.110719,7.400000,0.000112,3.058393,29.900000,300,0.500000,24.727048,0.221438,0.000225,no_change
1396,42,1.173439,0.201588,0.027466,40.092813,0.100000,300,0.000000,0.000000,12.200000,0.005430,8.152682,29.900000,300,0.801856,40.092813,0.000000,0.006772,increase_kp
1397,42,0.972412,0.267480,0.118617,25.065112,0.100000,300,0.000000,0.060351,7.600000,0.000350,3.139939,29.900000,300,0.501302,25.065112,0.120389,0.000698,no_change
1398,42,0.232820,0.049433,0.083031,35.888874,0.100000,300,0.000000,0.633905,11.800000,0.028485,6.699972,29.900000,300,0.717777,35.888874,0.883150,0.039686,reduce_ki
1399,42,0.708749,0.153531,0.185135,16.220967,0.100000,300,0.000000,0.175383,5.100000,0.001561,1.342504,29.900000,300,0.500000,16.220967,0.350765,0.003122,no_change
1400,42,0.209965,0.296578,0.122488,38.329849,0.100000,300,0.000000,1.831843,17.200000,0.019587,7.715364,29.900000,300,0.766597,38.329849,2.389577,0.025551,reduce_kp
1401,42,0.117193,0.170439,0.001270,20.382386,0.100000,300,0.000000,2.519484,-1.0,2.302642,3.875887,29.900000,300,0.500000,20.382386,5.038968,4.605284,reduce_kp
1402,42,0.198055,0.228115,0.177383,27.486667,0.100000,300,0.000000,2.333331,24.300000,0.125970,4.636622,29.900000,300,0.549733,27.486667,4.244477,0.229148,reduce_kp
1403,42,0.988153,0.270397,0.138472,21.184807,0.100000,300,0.000000,0.095886,6.400000,0.000370,2.241872,29.900000,300,0.500000,21.184807,0.191772,0.000740,no_change
1404,42,0.803808,0.183080,0.082406,43.142688,0.100000,300,0.000000,0.001590,13.300000,0.000176,9.472583,29.900000,300,0.862854,43.142688,0.001843,0.000204,increase_kp
1405,42,0.771592,0.013167,0.036000,29.996629,0.100000,300,0.000000,0.000000,9.100000,0.057401,4.553621,29.900000,300,0.599933,29.996629,0.000000,0.095679,no_change
1406,42,1.145328,0.219517,0.156517,25.435607,0.100000,300,0.000000,0.038352,7.700000,0.001285,3.232769,29.900000,300,0.508712,25.435607,0.075391,0.002526,no_change
1407,42,0.105027,0.082474,0.023502,30.905971,0.100000,300,0.000000,3.008785,22.300000,0.130084,5.645429,29.900000,300,0.618119,30.905971,4.867644,0.210452,reduce_kp
1408,42,0.205252,0.126665,0.152226,31.191685,0.100000,300,0.000000,2.131668,18.900000,0.061127,5.367030,29.900000,300,0.623834,31.191685,3.417045,0.097987,reduce_kp
1409,42,0.341204,0.269616,0.131865,23.292798,0.100000,300,0.000000,1.103511,15.100000,0.002750,2.951156,29.900000,300,0.500000,23.292798,2.207022,0.005499,reduce_ki
1410,42,0.313091,0.278815,0.137049,44.057215,0.100000,300,0.000000,1.128300,16.600000,0.011062,10.010845,29.900000,300,0.881144,44.057215,1.280495,0.012555,reduce_ki
1411,42,0.621854,0.061713,0.134029,16.293468,0.100000,300,0.000000,0.086168,5.200000,0.013199,1.355007,29.900000,300,0.500000,16.293468,0.172336,0.026399,no_change
1412,42,0.809347,0.099773,0.086934,25.028839,0.100000,300,0.000000,0.021031,7.600000,0.002677,3.131097,29.900000,300,0.500577,25.028839,0.042014,0.005347,no_change
1413,42,0.985669,0.265443,0.008663,37.212507,0.100000,300,0.000000,0.000000,11.300000,0.000442,6.992768,29.900000,300,0.744250,37.212507,0.000000,0.000593,no_change
1414,42,1.117347,0.061561,0.157098,29.551842,0.100000,300,0.000000,0.000000,8.900000,0.011238,4.386237,29.900000,300,0.591037,29.551842,0.000000,0.019014,no_change
1415,42,0.227672,0.313278,0.144281,32.781200,0.100000,300,0.000000,1.822725,17.600000,0.018002,5.766492,29.900000,300,0.655624,32.781200,2.780138,0.027457,reduce_kp
1416,42,0.458570,0.069563,0.135371,24.770549,0.100000,300,0.000000,0.220285,8.000000,0.016902,3.139654,29.900000,300,0.500000,24.770549,0.440570,0.033803,no_change
1417,42,0.956873,0.114146,0.019613,37.132436,0.100000,300,0.000000,0.000000,11.300000,0.010158,6.974745,29.900000,300,0.742649,37.132436,0.000000,0.013678,no_change
1418,42,1.056875,0.131436,0.044133,29.129708,0.100000,300,0.000000,0.000000,8.700000,0.001618,4.247821,29.900000,300,0.582594,29.129708,0.000000,0.002778,no_change
1419,42,0.632848,0.311671,0.028988,42.836613,0.100000,300,0.000000,0.087952,13.200000,0.000060,9.340183,29.900000,300,0.856732,42.836613,0.102660,0.000070,increase_kp
1420,42,0.600490,0.135566,0.027281,36.594636,0.100000,300,0.000000,0.035099,11.200000,0.001626,6.768089,29.900000,300,0.731893,36.594636,0.047956,0.002222,no_change
1421,42,0.795223,0.341445,0.040442,18.816353,0.100000,300,0.000000,0.126388,5.600000,0.000006,1.763823,29.900000,300,0.500000,18.816353,0.252777,0.000011,no_change
1422,42,0.861432,0.020878,0.027300,40.549541,0.100000,300,0.000000,0.000000,12.400000,0.093307,8.396837,29.900000,300,0.810991,40.549541,0.000000,0.115053,increase_kp
1423,42,0.604437,0.059920,0.068715,41.592269,0.100000,300,0.000000,0.000000,12.900000,0.022157,8.817546,29.900000,300,0.831845,41.592269,0.000000,0.026636,increase_kp
1424,42,0.764000,0.276341,0.127600,33.345843,0.100000,300,0.000000,0.123855,10.200000,0.000232,5.607942,29.900000,300,0.666917,33.345843,0.185713,0.000348,no_change
1425,42,0.286929,0.339548,0.171001,17.594230,0.100000,300,0.000000,1.808813,-1.0,1.808812,2.978535,29.900000,300,0.500000,17.594230,3.617626,3.617625,reduce_kp
1426,42,1.042671,0.171225,0.199133,32.747426,0.100000,300,0.000000,0.022329,10.000000,0.002115,5.396191,29.900000,300,0.654949,32.747426,0.034093,0.003230,no_change
1427,42,1.020688,0.097710,0.146004,37.085366,0.100000,300,0.000000,0.000000,11.300000,0.009285,6.957606,29.900000,300,0.741707,37.085366,0.000000,0.012518,no_change
1428,42,0.371320,0.114554,0.115893,41.754679,0.100000,300,0.000000,0.383900,13.200000,0.001798,8.938688,29.900000,300,0.835094,41.754679,0.459709,0.002154,reduce_ki
1429,42,0.750949,0.052139,0.114740,15.152327,0.100000,300,0.000000,0.032725,4.600000,0.008740,1.153633,29.900000,300,0.500000,15.152327,0.065450,0.017480,no_change
1430,42,1.178202,0.014021,0.094131,38.058192,0.100000,300,0.000000,0.000000,11.600000,0.073072,7.366021,29.900000,300,0.761164,38.058192,0.000000,0.096000,no_change
1431,42,0.136983,0.185893,0.095854,38.940525,0.100000,300,0.000000,2.556465,19.500000,0.006296,8.177579,29.900000,300,0.778811,38.940525,3.282525,0.008084,reduce_kp
1432,42,1.003420,0.158354,0.048102,31.754609,0.100000,300,0.000000,0.000000,9.500000,0.001561,5.063507,29.900000,300,0.635092,31.754609,0.000000,0.002458,no_change
1433,42,0.113665,0.256125,0.189987,18.981360,0.100000,300,0.000000,3.196667,-1.0,3.053947,4.300189,29.900000,300,0.500000,18.981360,6.393335,6.107895,reduce_kp
1434,42,0.425369,0.226674,0.018146,29.393489,0.100000,300,0.000000,0.343441,9.000000,0.000008,4.360917,29.900000,300,0.587870,29.393489,0.584213,0.000014,reduce_ki
1435,42,0.435320,0.246157,0.171584,37.418601,0.100000,300,0.000000,0.644368,11.600000,0.001220,7.152350,29.900000,300,0.748372,37.418601,0.861026,0.001630,reduce_ki
1436,42,0.126855,0.159194,0.154367,41.225971,0.100000,300,0.000000,2.979639,20.900000,0.192752,9.261034,29.900000,300,0.824519,41.225971,3.613789,0.233775,reduce_kp
1437,42,0.545896,0.276451,0.074084,28.928874,0.100000,300,0.000000,0.301585,8.800000,0.000001,4.218686,29.900000,300,0.578577,28.928874,0.521252,0.000001,reduce_ki
1438,42,0.796743,0.301134,0.014140,41.803033,0.100000,300,0.000000,0.021840,12.800000,0.000170,8.874563,29.900000,300,0.836061,41.803033,0.026122,0.000203,increase_kp
1439,42,0.466197,0.011450,0.085180,23.093681,0.100000,300,0.000000,0.000000,7.500000,0.018547,2.698581,29.900000,300,0.500000,23.093681,0.000000,0.037094,no_change
1440,42,1.140705,0.189852,0.158896,38.630755,0.100000,300,0.000000,0.000000,11.800000,0.001391,7.552463,29.900000,300,0.772615,38.630755,0.000000,0.001800,no_change
1441,42,0.189055,0.308297,0.147152,16.644350,0.100000,300,0.000000,2.322127,-1.0,2.322111,3.257740,29.900000,300,0.500000,16.644350,4.644255,4.644222,reduce_kp
1442,42,1.139854,0.236129,0.177596,18.328996,0.100000,300,0.000000,0.060737,5.500000,0.000891,1.674500,29.900000,300,0.500000,18.328996,0.121474,0.001781,no_change
1443,42,0.502150,0.216697,0.073114,20.258022,0.100000,300,0.000000,0.309340,6.200000,0.000001,2.075777,29.900000,300,0.500000,20.258022,0.618680,0.000002,reduce_ki
1444,42,0.714670,0.023452,0.141867,21.141378,0.100000,300,0.000000,0.000000,6.600000,0.002026,2.234095,29.900000,300,0.500000,21.141378,0.000000,0.004053,no_change
1445,42,1.179377,0.083521,0.022712,29.354804,0.100000,300,0.000000,0.000000,8.800000,0.011800,4.324451,29.900000,300,0.587096,29.354804,0.000000,0.020100,no_change
1446,42,1.133063,0.203042,0.191821,21.293819,0.100000,300,0.000000,0.050945,6.400000,0.001691,2.263050,29.900000,300,0.500000,21.293819,0.101890,0.003383,no_change
1447,42,0.919518,0.078903,0.070542,23.020736,0.100000,300,0.000000,0.003182,6.900000,0.000753,2.637423,29.900000,300,0.500000,23.020736,0.006364,0.001506,no_change
1448,42,0.848249,0.097001,0.012674,25.356797,0.100000,300,0.000000,0.000000,7.600000,0.001149,3.207052,29.900000,300,0.507136,25.356797,0.000000,0.002266,no_change
1449,42,0.634850,0.184339,0.024542,36.294759,0.100000,300,0.000000,0.040352,11.100000,0.000599,6.653266,29.900000,300,0.725895,36.294759,0.055590,0.000825,no_change
1450,42,0.846139,0.186499,0.058453,33.628538,0.100000,300,0.000000,0.013210,10.200000,0.000527,5.689868,29.900000,300,0.672571,33.628538,0.019641,0.000783,no_change
1451,42,0.979894,0.330878,0.161759,43.226277,0.100000,300,0.000000,0.044883,13.300000,0.000760,9.513329,29.900000,300,0.864526,43.226277,0.051916,0.000879,increase_kp
1452,42,0.172190,0.312166,0.091575,17.405112,0.100000,300,0.000000,2.220950,-1.0,2.220941,3.292610,29.900000,300,0.500000,17.405112,4.441901,4.441882,reduce_kp
1453,42,1.087740,0.100930,0.191325,18.280948,0.100000,300,0.000000,0.033032,5.500000,0.005737,1.668199,29.900000,300,0.500000,18.280948,0.066065,0.011474,no_change
1454,42,0.403537,0.243979,0.099266,41.249794,0.100000,300,0.000000,0.523056,12.800000,0.000769,8.696362,29.900000,300,0.824996,41.249794,0.634011,0.000932,reduce_ki
1455,42,0.672756,0.219547,0.058634,44.087238,0.100000,300,0.000000,0.040704,13.600000,0.000945,9.909539,29.900000,300,0.881745,44.087238,0.046163,0.001072,increase_kp
1456,42,0.695578,0.046210,0.069340,28.315802,0.100000,300,0.000000,0.000000,8.700000,0.009172,4.027766,29.900000,300,0.566316,28.315802,0.000000,0.016197,no_change
1457,42,0.809153,0.102031,0.012590,41.153811,0.100000,300,0.000000,0.000000,12.600000,0.016072,8.614449,29.900000,300,0.823076,41.153811,0.000000,0.019527,increase_kp
1458,42,0.355561,0.331607,0.128934,27.350752,0.100000,300,0.000000,1.023833,13.500000,0.000420,3.901258,29.900000,300,0.547015,27.350752,1.871673,0.000769,reduce_ki
1459,42,0.477072,0.226118,0.065261,32.800718,0.100000,300,0.000000,0.306460,10.100000,0.000013,5.443276,29.900000,300,0.656014,32.800718,0.467154,0.000020,reduce_ki
1460,42,0.866550,0.294668,0.089051,24.122470,0.100000,300,0.000000,0.110674,7.300000,0.000118,2.909802,29.900000,300,0.500000,24.122470,0.221347,0.000236,no_change
1461,42,0.245150,0.276272,0.034347,22.800224,0.100000,300,0.000000,1.301810,17.600000,0.001517,2.955603,29.900000,300,0.500000,22.800224,2.603619,0.003033,reduce_ki
1462,42,0.632667,0.339753,0.153950,16.419568,0.100000,300,0.000000,0.381719,5.000000,0.000003,1.394875,29.900000,300,0.500000,16.419568,0.763437,0.000006,reduce_ki
1463,42,0.488433,0.159574,0.033273,42.723949,0.100000,300,0.000000,0.125072,13.300000,0.001839,9.304720,29.900000,300,0.854479,42.723949,0.146372,0.002152,increase_kp
1464,42,0.882993,0.099836,0.194641,40.179950,0.100000,300,0.000000,0.000000,12.400000,0.003102,8.194655,29.900000,300,0.803599,40.179950,0.000000,0.003860,increase_kp
1465,42,0.862145,0.233225,0.030697,22.137160,0.100000,300,0.000000,0.047926,6.600000,0.000231,2.440209,29.900000,300,0.500000,22.137160,0.095852,0.000461,no_change
1466,42,0.145267,0.110819,0.025295,22.812216,0.100000,300,0.000000,2.301045,24.600000,0.206483,3.471465,29.900000,300,0.500000,22.812216,4.602090,0.412966,reduce_kp
1467,42,0.302946,0.196871,0.006938,24.508313,0.100000,300,0.000000,0.699535,10.900000,0.000034,3.085068,29.900000,300,0.500000,24.508313,1.399069,0.000067,reduce_ki
1468,42,0.478232,0.130520,0.107973,19.877928,0.100000,300,0.000000,0.317753,6.200000,0.000491,2.023514,29.900000,300,0.500000,19.877928,0.635507,0.000982,reduce_ki
1469,42,0.431716,0.322152,0.080912,29.982507,0.100000,300,0.000000,0.559827,9.200000,0.000048,4.556004,29.900000,300,0.599650,29.982507,0.933589,0.000081,reduce_ki
1470,42,0.259922,0.160314,0.064044,15.128829,0.100000,300,0.000000,1.146324,26.300000,0.466603,1.802840,29.900000,300,0.500000,15.128829,2.292648,0.933205,no_change
1471,42,0.912344,0.341460,0.066256,36.163541,0.100000,300,0.000000,0.033040,11.000000,0.000114,6.598243,29.900000,300,0.723271,36.163541,0.045681,0.000157,no_change
1472,42,0.621302,0.101440,0.188802,44.420693,0.100000,300,0.000000,0.062252,14.000000,0.014338,10.088404,29.900000,300,0.888414,44.420693,0.070071,0.016138,increase_kp
1473,42,0.731100,0.051479,0.113046,42.206424,0.100000,300,0.000000,0.000000,13.100000,0.042643,9.095541,29.900000,300,0.844128,42.206424,0.000000,0.050517,increase_kp
1474,42,0.586316,0.241201,0.146328,42.005234,0.100000,300,0.000000,0.263650,13.000000,0.000023,8.999233,29.900000,300,0.840105,42.005234,0.313829,0.000028,increase_kp
1475,42,0.253366,0.192836,0.061616,27.048898,0.100000,300,0.000000,1.284001,14.900000,0.004338,3.886783,29.900000,300,0.540978,27.048898,2.373481,0.008019,reduce_ki
1476,42,1.024965,0.156090,0.018496,16.651009,0.100000,300,0.000000,0.013150,4.900000,0.000575,1.369826,29.900000,300,0.500000,16.651009,0.026301,0.001150,no_change
1477,42,0.805444,0.204201,0.044429,43.069952,0.100000,300,0.000000,0.000000,13.200000,0.000203,9.437794,29.900000,300,0.861399,43.069952,0.000000,0.000235,increase_kp
1478,42,0.405720,0.007892,0.107682,28.363742,0.100000,300,0.000000,0.000000,9.500000,0.060435,4.117855,29.900000,300,0.567275,28.363742,0.000000,0.106535,no_change
1479,42,0.838714,0.030582,0.102358,20.833501,0.100000,300,0.000000,0.000000,6.300000,0.006357,2.165719,29.900000,300,0.500000,20.833501,0.000000,0.012715,no_change
1480,42,0.449534,0.211777,0.188680,42.253409,0.100000,300,0.000000,0.552684,13.200000,0.003207,9.151083,29.900000,300,0.845068,42.253409,0.654011,0.003795,reduce_ki
1481,42,0.497171,0.051781,0.170761,26.088899,0.100000,300,0.000000,0.145411,8.500000,0.030840,3.473295,29.900000,300,0.521778,26.088899,0.278683,0.059105,no_change
1482,42,0.510114,0.099628,0.070271,44.325709,0.100000,300,0.000000,0.020135,13.900000,0.003620,10.033375,29.900000,300,0.886514,44.325709,0.022713,0.004083,increase_kp
1483,42,1.061732,0.030660,0.145571,28.326611,0.100000,300,0.000000,0.000000,8.600000,0.024326,4.035777,29.900000,300,0.566532,28.326611,0.000000,0.042938,no_change
1484,42,1.191857,0.281290,0.057727,39.170184,0.100000,300,0.000000,0.000000,11.900000,0.001210,7.767846,29.900000,300,0.783404,39.170184,0.000000,0.001544,no_change
1485,42,1.167397,0.148341,0.179286,19.187031,0.100000,300,0.000000,0.040549,5.700000,0.003522,1.835467,29.900000,300,0.500000,19.187031,0.081097,0.007044,no_change
1486,42,0.745898,0.030127,0.041557,29.238394,0.100000,300,0.000000,0.000000,8.900000,0.028106,4.308608,29.900000,300,0.584768,29.238394,0.000000,0.048063,no_change
1487,42,1.054278,0.345323,0.013223,43.802859,0.100000,300,0.000000,0.000000,13.500000,0.000441,9.768575,29.900000,300,0.876057,43.802859,0.000000,0.000503,increase_kp
1488,42,0.931725,0.030957,0.081892,42.432315,0.100000,300,0.000000,0.000000,13.000000,0.080279,9.204156,29.900000,300,0.848646,42.432315,0.000000,0.094597,increase_kp
1489,42,0.555965,0.194535,0.142049,37.657312,0.100000,300,0.000000,0.267542,11.700000,0.000462,7.208527,29.900000,300,0.753146,37.657312,0.355232,0.000614,no_change
1490,42,0.250620,0.065102,0.076354,31.616008,0.100000,300,0.000000,0.716071,14.800000,0.005069,5.193613,29.900000,300,0.632320,31.616008,1.132449,0.008017,reduce_ki
1491,42,0.146456,0.289187,0.166917,24.117431,0.100000,300,0.000000,2.630930,-1.0,2.630895,4.864514,29.900000,300,0.500000,24.117431,5.261860,5.261790,reduce_kp
1492,42,0.715209,0.162208,0.005368,15.073400,0.100000,300,0.000000,0.062325,4.400000,0.000435,1.130655,29.900000,300,0.500000,15.073400,0.124650,0.000870,no_change
1493,42,0.388945,0.334609,0.166849,29.176235,0.100000,300,0.000000,1.040051,13.400000,0.000332,4.406999,29.900000,300,0.583525,29.176235,1.782359,0.000569,reduce_ki
1494,42,0.819194,0.312440,0.083431,29.756595,0.100000,300,0.000000,0.102505,9.000000,0.000087,4.445338,29.900000,300,0.595132,29.756595,0.172239,0.000147,no_change
1495,42,0.856628,0.085663,0.023871,23.316511,0.100000,300,0.000000,0.000000,7.000000,0.001416,2.707176,29.900000,300,0.500000,23.316511,0.000000,0.002831,no_change
1496,42,1.193766,0.023354,0.149113,32.431973,0.100000,300,0.000000,0.000000,9.800000,0.040406,5.312967,29.900000,300,0.648639,32.431973,0.000000,0.062294,no_change
1497,42,0.722132,0.303921,0.125599,29.281221,0.100000,300,0.000000,0.204362,8.900000,0.000022,4.315227,29.900000,300,0.585624,29.281221,0.348964,0.000038,no_change
1498,42,0.863670,0.041854,0.102505,32.257911,0.100000,300,0.000000,0.000000,9.800000,0.025285,5.252899,29.900000,300,0.645158,32.257911,0.000000,0.039192,no_change
1499,42,1.029808,0.056997,0.011702,24.590433,0.100000,300,0.000000,0.000000,7.300000,0.009584,3.020846,29.900000,300,0.500000,24.590433,0.000000,0.019169,no_change
1500,42,1.066149,0.047424,0.032662,23.180111,0.100000,300,0.000000,0.000000,6.900000,0.010838,2.682485,29.900000,300,0.500000,23.180111,0.000000,0.021676,no_change
1501,42,0.561465,0.319237,0.071197,23.695686,0.100000,300,0.000000,0.316898,7.200000,0.000000,2.823620,29.900000,300,0.500000,23.695686,0.633796,0.000001,reduce_ki
1502,42,0.682574,0.327711,0.102773,37.993273,0.100000,300,0.000000,0.162972,11.700000,0.000009,7.313904,29.900000,300,0.759865,37.993273,0.214475,0.000012,no_change
1503,42,0.301572,0.033078,0.150526,31.311370,0.100000,300,0.000000,0.336201,10.600000,0.094978,5.103081,29.900000,300,0.626227,31.311370,0.536867,0.151667,reduce_ki
1504,42,1.059687,0.289388,0.136993,24.032169,0.100000,300,0.000000,0.056773,7.200000,0.000314,2.883286,29.900000,300,0.500000,24.032169,0.113546,0.000629,no_change
1505,42,0.853988,0.240921,0.019167,32.401399,0.100000,300,0.000000,0.026037,9.800000,0.000287,5.273660,29.900000,300,0.648028,32.401399,0.040179,0.000443,no_change
1506,42,1.005646,0.004514,0.103634,26.190426,0.100000,300,0.000000,0.000000,7.900000,0.044665,3.456933,29.900000,300,0.523809,26.190426,0.000000,0.085271,no_change
1507,42,0.633389,0.119110,0.182158,18.072536,0.100000,300,0.000000,0.182805,5.700000,0.003888,1.670011,29.900000,300,0.500000,18.072536,0.365610,0.007776,no_change
1508,42,0.270010,0.077390,0.037683,41.911702,0.100000,300,0.000000,0.408918,13.400000,0.005271,9.025769,29.900000,300,0.838234,41.911702,0.487832,0.006288,reduce_ki
1509,42,0.774771,0.290996,0.105131,30.962870,0.100000,300,0.000000,0.138724,9.400000,0.000135,4.823839,29.900000,300,0.619257,30.962870,0.224017,0.000217,no_change
1510,42,0.706224,0.264707,0.022793,28.814741,0.100000,300,0.000000,0.090429,8.700000,0.000081,4.163125,29.900000,300,0.576295,28.814741,0.156914,0.000140,no_change
1511,42,0.184040,0.286596,0.184682,29.385547,0.100000,300,0.000000,2.424316,24.300000,0.118275,5.190427,29.900000,300,0.587711,29.385547,4.125015,0.201246,reduce_kp
1512,42,0.442731,0.126899,0.163408,41.691792,0.100000,300,0.000000,0.348223,13.200000,0.005769,8.903918,29.900000,300,0.833836,41.691792,0.417616,0.006919,reduce_ki
1513,42,0.757414,0.267256,0.068409,36.296846,0.100000,300,0.000000,0.075170,11.100000,0.000323,6.655121,29.900000,300,0.725937,36.296846,0.103550,0.000446,no_change
1514,42,0.131635,0.285101,0.044472,40.704456,0.100000,300,0.000000,2.020655,17.800000,0.021850,8.722734,29.900000,300,0.814089,40.704456,2.482106,0.026839,reduce_kp
1515,42,0.256595,0.079301,0.025069,18.906548,0.100000,300,0.000000,0.672207,11.000000,0.001297,1.926333,29.900000,300,0.500000,18.906548,1.344414,0.002594,reduce_ki
1516,42,0.186465,0.241786,0.156806,17.332059,0.100000,300,0.000000,2.508196,-1.0,2.508185,3.506173,29.900000,300,0.500000,17.332059,5.016392,5.016370,reduce_kp
1517,42,0.952162,0.265067,0.008503,18.234521,0.100000,300,0.000000,0.049204,5.300000,0.000136,1.648624,29.900000,300,0.500000,18.234521,0.098409,0.000272,no_change
1518,42,0.972361,0.179718,0.011853,18.567667,0.100000,300,0.000000,0.027908,5.400000,0.000653,1.708980,29.900000,300,0.500000,18.567667,0.055816,0.001306,no_change
1519,42,0.378314,0.023187,0.133517,37.636508,0.100000,300,0.000000,0.000000,12.300000,0.000747,7.221266,29.900000,300,0.752730,37.636508,0.000000,0.000992,increase_kp
1520,42,0.960608,0.322034,0.041080,42.035246,0.100000,300,0.000000,0.000000,12.900000,0.000115,8.975412,29.900000,300,0.840705,42.035246,0.000000,0.000137,increase_kp
1521,42,0.303260,0.123037,0.018156,40.375846,0.100000,300,0.000000,0.410067,12.700000,0.002112,8.333572,29.900000,300,0.807517,40.375846,0.507813,0.002616,reduce_ki
1522,42,1.136029,0.332077,0.069567,19.816720,0.100000,300,0.000000,0.051831,5.800000,0.000125,1.950330,29.900000,300,0.500000,19.816720,0.103663,0.000249,no_change
1523,42,0.650698,0.254994,0.048365,32.107061,0.100000,300,0.000000,0.119870,9.800000,0.000092,5.190207,29.900000,300,0.642141,32.107061,0.186672,0.000144,no_change
1524,42,0.209016,0.202347,0.002797,21.509942,0.100000,300,0.000000,1.363646,17.800000,0.008855,2.698418,29.900000,300,0.500000,21.509942,2.727293,0.017711,reduce_ki
1525,42,0.310702,0.098650,0.180332,31.113795,0.100000,300,0.000000,0.847853,15.000000,0.012011,5.040951,29.900000,300,0.622276,31.113795,1.362503,0.019301,reduce_ki
1526,42,1.170938,0.034540,0.042803,30.125858,0.100000,300,0.000000,0.000000,9.000000,0.030312,4.569421,29.900000,300,0.602517,30.125858,0.000000,0.050308,no_change
1527,42,0.878532,0.128262,0.117876,28.189975,0.100000,300,0.000000,0.024695,8.600000,0.002418,3.982288,29.900000,300,0.563799,28.189975,0.043800,0.004289,no_change
1528,42,1.153523,0.063297,0.070964,26.388452,0.100000,300,0.000000,0.000000,7.900000,0.010539,3.485318,29.900000,300,0.527769,26.388452,0.000000,0.019969,no_change
1529,42,0.335701,0.079644,0.022569,44.538383,0.100000,300,0.000000,0.129535,14.200000,0.012431,10.162377,29.900000,300,0.890768,44.538383,0.145420,0.013955,increase_kp
1530,42,0.235977,0.038611,0.027182,37.868210,0.100000,300,0.000000,0.317912,12.400000,0.054022,7.384671,29.900000,300,0.757364,37.868210,0.419761,0.071329,reduce_ki
1531,42,0.875204,0.194996,0.008122,24.843462,0.100000,300,0.000000,0.012152,7.400000,0.000216,3.075035,29.900000,300,0.500000,24.843462,0.024305,0.000431,no_change
1532,42,0.227295,0.099264,0.120078,24.360207,0.100000,300,0.000000,1.496950,17.600000,0.030598,3.343683,29.900000,300,0.500000,24.360207,2.993901,0.061197,reduce_ki
1533,42,1.173797,0.155385,0.110783,23.717680,0.100000,300,0.000000,0.012237,7.100000,0.001172,2.801441,29.900000,300,0.500000,23.717680,0.024474,0.002345,no_change
1534,42,1.040902,0.066075,0.013922,40.231748,0.100000,300,0.000000,0.000000,12.300000,0.040087,8.233976,29.900000,300,0.804635,40.231748,0.000000,0.049820,increase_kp
1535,42,0.623244,0.237696,0.035859,44.961700,0.100000,300,0.000000,0.052990,13.900000,0.000579,10.318713,29.900000,300,0.899234,44.961700,0.058928,0.000643,increase_kp
1536,42,0.640813,0.036810,0.087612,34.756448,0.100000,300,0.000000,0.000000,10.700000,0.031107,6.123917,29.900000,300,0.695129,34.756448,0.000000,0.044750,no_change
1537,42,0.193507,0.050179,0.080125,32.716717,0.100000,300,0.000000,1.111486,17.700000,0.031815,5.674873,29.900000,300,0.654334,32.716717,1.698652,0.048622,reduce_ki
1538,42,0.211894,0.323852,0.195571,16.941312,0.100000,300,0.000000,2.404287,-1.0,2.404263,3.358186,29.900000,300,0.500000,16.941312,4.808575,4.808526,reduce_kp
1539,42,1.172728,0.118521,0.118992,44.719840,0.100000,300,0.000000,0.000000,13.800000,0.024111,10.216475,29.900000,300,0.894397,44.719840,0.000000,0.026958,increase_kp
1540,42,0.235038,0.293338,0.145040,23.355550,0.100000,300,0.000000,1.928369,-1.0,1.735604,4.026868,29.900000,300,0.500000,23.355550,3.856738,3.471208,reduce_kp
1541,42,0.884843,0.203672,0.054595,38.684782,0.100000,300,0.000000,0.000000,11.800000,0.000395,7.572197,29.900000,300,0.773696,38.684782,0.000000,0.000510,no_change
1542,42,0.808214,0.140082,0.095165,33.094963,0.100000,300,0.000000,0.028892,10.100000,0.002346,5.513756,29.900000,300,0.661899,33.094963,0.043650,0.003544,no_change
1543,42,0.544888,0.169587,0.055778,38.039987,0.100000,300,0.000000,0.121360,11.700000,0.001243,7.337796,29.900000,300,0.760800,38.039987,0.159517,0.001634,no_change
1544,42,0.218840,0.087741,0.099455,33.851131,0.100000,300,0.000000,1.315998,16.400000,0.021669,6.014754,29.900000,300,0.677023,33.851131,1.943802,0.032006,reduce_ki
1545,42,0.248069,0.034861,0.010570,17.046860,0.100000,300,0.000000,0.381782,5.800000,0.024627,1.589400,29.900000,300,0.500000,17.046860,0.763564,0.049253,reduce_ki
1546,42,0.845918,0.340225,0.076527,35.376131,0.100000,300,0.000000,0.090955,10.700000,0.000128,6.313938,29.900000,300,0.707523,35.376131,0.128554,0.000181,no_change
1547,42,0.268010,0.217688,0.019267,17.295518,0.100000,300,0.000000,0.980454,16.700000,0.008171,1.830565,29.900000,300,0.500000,17.295518,1.960907,0.016341,reduce_ki
1548,42,0.926771,0.268650,0.158546,21.057953,0.100000,300,0.000000,0.129533,6.300000,0.000311,2.220438,29.900000,300,0.500000,21.057953,0.259066,0.000622,no_change
1549,42,0.828303,0.171588,0.052333,25.308469,0.100000,300,0.000000,0.045458,7.600000,0.001092,3.201041,29.900000,300,0.506169,25.308469,0.089808,0.002157,no_change
1550,42,1.045640,0.191317,0.190516,15.947956,0.100000,300,0.000000,0.077569,4.800000,0.001679,1.274081,29.900000,300,0.500000,15.947956,0.155138,0.003358,no_change
1551,42,0.573447,0.320229,0.076726,24.436776,0.100000,300,0.000000,0.326840,7.400000,0.000001,3.003810,29.900000,300,0.500000,24.436776,0.653680,0.000001,reduce_ki
1552,42,0.513970,0.160880,0.006572,31.699997,0.100000,300,0.000000,0.107831,9.700000,0.000480,5.061790,29.900000,300,0.634000,31.699997,0.170080,0.000757,no_change
1553,42,1.046397,0.106066,0.141212,29.744388,0.100000,300,0.000000,0.000000,9.000000,0.000029,4.432443,29.900000,300,0.594888,29.744388,0.000000,0.000049,no_change
1554,42,0.247937,0.250503,0.097491,18.281460,0.100000,300,0.000000,1.595350,-1.0,1.559603,2.897811,29.900000,300,0.500000,18.281460,3.190699,3.119206,reduce_kp
1555,42,0.842527,0.231028,0.137075,32.166307,0.100000,300,0.000000,0.092169,9.800000,0.001056,5.210903,29.900000,300,0.643326,32.166307,0.143270,0.001641,no_change
1556,42,0.623502,0.299023,0.101337,26.741545,0.100000,300,0.000000,0.245710,8.200000,0.000001,3.597260,29.900000,300,0.534831,26.741545,0.459417,0.000002,no_change
1557,42,0.644160,0.339805,0.123388,25.582913,0.100000,300,0.000000,0.293720,7.800000,0.000001,3.292916,29.900000,300,0.511658,25.582913,0.574055,0.000002,no_change
1558,42,1.175561,0.112169,0.005629,16.353554,0.100000,300,0.000000,0.002244,4.700000,0.000324,1.317422,29.900000,300,0.500000,16.353554,0.004488,0.000647,no_change
1559,42,1.020628,0.122107,0.148411,15.806995,0.100000,300,0.000000,0.040068,4.700000,0.003602,1.246917,29.900000,300,0.500000,15.806995,0.080136,0.007204,no_change
1560,42,1.080477,0.119440,0.019470,25.354291,0.100000,300,0.000000,0.000000,7.500000,0.002303,3.206571,29.900000,300,0.507086,25.354291,0.000000,0.004543,no_change
1561,42,0.493103,0.122944,0.132248,22.428418,0.100000,300,0.000000,0.288791,7.100000,0.001387,2.567146,29.900000,300,0.500000,22.428418,0.577583,0.002775,no_change
1562,42,0.812891,0.207386,0.182078,16.965007,0.100000,300,0.000000,0.156198,5.200000,0.000555,1.453205,29.900000,300,0.500000,16.965007,0.312396,0.001111,no_change
1563,42,0.435404,0.118158,0.003942,24.783505,0.100000,300,0.000000,0.172287,7.700000,0.000775,3.095043,29.900000,300,0.500000,24.783505,0.344574,0.001549,no_change
1564,42,0.607000,0.302179,0.113610,42.042295,0.100000,300,0.000000,0.246702,13.000000,0.000095,9.005473,29.900000,300,0.840846,42.042295,0.293397,0.000113,increase_kp
1565,42,0.393281,0.243585,0.117598,44.572943,0.100000,300,0.000000,0.625756,13.900000,0.000571,10.197469,29.900000,300,0.891459,44.572943,0.701946,0.000640,reduce_ki
1566,42,0.515511,0.136605,0.114508,39.249797,0.100000,300,0.000000,0.157482,12.300000,0.004378,7.839364,29.900000,300,0.784996,39.249797,0.200614,0.005577,increase_kp
1567,42,0.210062,0.236289,0.067193,30.083056,0.100000,300,0.000000,1.745476,17.000000,0.012875,4.884175,29.900000,300,0.601661,30.083056,2.901095,0.021399,reduce_kp
1568,42,0.941394,0.118839,0.122966,25.900029,0.100000,300,0.000000,0.019291,7.800000,0.002392,3.353523,29.900000,300,0.518001,25.900029,0.037242,0.004618,no_change
1569,42,0.579590,0.173933,0.169467,38.614488,0.100000,300,0.000000,0.238921,12.000000,0.002478,7.588865,29.900000,300,0.772290,38.614488,0.309367,0.003208,increase_kp
1570,42,1.024419,0.187542,0.057471,16.425941,0.100000,300,0.000000,0.029146,4.800000,0.000644,1.336640,29.900000,300,0.500000,16.425941,0.058292,0.001287,no_change
1571,42,1.195850,0.140710,0.045177,37.286641,0.100000,300,0.000000,0.000000,11.300000,0.008905,7.030445,29.900000,300,0.745733,37.286641,0.000000,0.011942,no_change
1572,42,0.201154,0.295465,0.018947,25.105142,0.100000,300,0.000000,1.579449,19.100000,0.006235,3.592388,29.900000,300,0.502103,25.105142,3.145669,0.012418,reduce_kp
1573,42,0.173997,0.280415,0.095054,21.292175,0.100000,300,0.000000,2.154972,-1.0,2.125864,3.890393,29.900000,300,0.500000,21.292175,4.309944,4.251728,reduce_kp
1574,42,0.975217,0.228038,0.060369,39.123801,0.100000,300,0.000000,0.000000,11.900000,0.000759,7.749519,29.900000,300,0.782476,39.123801,0.000000,0.000970,no_change
1575,42,0.576202,0.188982,0.040015,27.069029,0.100000,300,0.000000,0.154667,8.300000,0.000242,3.682458,29.900000,300,0.541381,27.069029,0.285689,0.000446,no_change
1576,42,0.787460,0.158630,0.152688,20.418026,0.100000,300,0.000000,0.104088,6.300000,0.001978,2.094221,29.900000,300,0.500000,20.418026,0.208175,0.003956,no_change
1577,42,0.120464,0.246166,0.172542,32.305299,0.100000,300,0.000000,2.910654,24.600000,0.127781,6.284792,29.900000,300,0.646106,32.305299,4.504917,0.197770,reduce_kp
1578,42,0.334248,0.336741,0.148442,29.018859,0.100000,300,0.000000,1.238615,14.800000,0.001138,4.427289,29.900000,300,0.580377,29.018859,2.134155,0.001961,reduce_ki
1579,42,1.130879,0.186452,0.122884,38.073575,0.100000,300,0.000000,0.000000,11.600000,0.001646,7.330619,29.900000,300,0.761471,38.073575,0.000000,0.002161,no_change
1580,42,0.577097,0.198141,0.125352,30.668088,0.100000,300,0.000000,0.250297,9.400000,0.000218,4.754997,29.900000,300,0.613362,30.668088,0.408075,0.000355,no_change
1581,42,0.500702,0.051710,0.030095,35.559199,0.100000,300,0.000000,0.000000,11.000000,0.009773,6.401457,29.900000,300,0.711184,35.559199,0.000000,0.013741,no_change
1582,42,0.430303,0.152386,0.063731,39.906431,0.100000,300,0.000000,0.264157,12.400000,0.000454,8.113836,29.900000,300,0.798129,39.906431,0.330970,0.000569,increase_kp
1583,42,0.170870,0.071245,0.082488,39.711321,0.100000,300,0.000000,1.751489,19.000000,0.129456,8.340716,29.900000,300,0.794226,39.711321,2.205277,0.162997,reduce_kp
1584,42,0.810647,0.089756,0.120246,27.175978,0.100000,300,0.000000,0.022902,8.300000,0.004056,3.700770,29.900000,300,0.543520,27.175978,0.042137,0.007462,no_change
1585,42,0.224914,0.067171,0.049117,39.816865,0.100000,300,0.000000,0.746242,12.700000,0.011785,8.202114,29.900000,300,0.796337,39.816865,0.937093,0.014799,reduce_ki
1586,42,0.610576,0.195939,0.087227,34.407662,0.100000,300,0.000000,0.154229,10.500000,0.000740,5.984550,29.900000,300,0.688153,34.407662,0.224120,0.001076,no_change
1587,42,0.140704,0.055775,0.027286,22.751905,0.100000,300,0.000000,1.951331,21.600000,0.011122,3.243036,29.900000,300,0.500000,22.751905,3.902662,0.022243,reduce_kp
1588,42,0.983892,0.230535,0.035197,40.575631,0.100000,300,0.000000,0.000000,12.400000,0.001492,8.351423,29.900000,300,0.811513,40.575631,0.000000,0.001839,increase_kp
1589,42,1.160166,0.170045,0.003982,40.787520,0.100000,300,0.000000,0.000000,12.500000,0.009242,8.447446,29.900000,300,0.815750,40.787520,0.000000,0.011329,increase_kp
1590,42,0.192322,0.210560,0.173434,42.017247,0.100000,300,0.000000,2.189500,18.800000,0.018639,9.334912,29.900000,300,0.840345,42.017247,2.605478,0.022181,reduce_kp
1591,42,0.547708,0.127202,0.131486,17.709189,0.100000,300,0.000000,0.251302,5.600000,0.001450,1.609540,29.900000,300,0.500000,17.709189,0.502605,0.002900,no_change
1592,42,1.137478,0.253482,0.028112,18.357971,0.100000,300,0.000000,0.025227,5.400000,0.000256,1.668432,29.900000,300,0.500000,18.357971,0.050454,0.000511,no_change
1593,42,0.907928,0.326527,0.104392,39.869447,0.100000,300,0.000000,0.064850,12.200000,0.000438,8.059173,29.900000,300,0.797389,39.869447,0.081328,0.000550,increase_kp
1594,42,1.144642,0.326044,0.050362,41.536946,0.100000,300,0.000000,0.000000,12.700000,0.000747,8.759984,29.900000,300,0.830739,41.536946,0.000000,0.000899,increase_kp
1595,42,0.361885,0.042797,0.161337,24.878577,0.100000,300,0.000000,0.313946,8.400000,0.052209,3.236216,29.900000,300,0.500000,24.878577,0.627891,0.104418,reduce_ki
1596,42,0.742759,0.136483,0.149675,22.078142,0.100000,300,0.000000,0.120607,6.800000,0.003762,2.454217,29.900000,300,0.500000,22.078142,0.241214,0.007524,no_change
1597,42,0.565156,0.050497,0.035031,44.097704,0.100000,300,0.000000,0.000000,13.700000,0.048801,9.958552,29.900000,300,0.881954,44.097704,0.000000,0.055333,increase_kp
1598,42,0.583423,0.089007,0.117896,29.710757,0.100000,300,0.000000,0.096006,9.200000,0.009451,4.457537,29.900000,300,0.594215,29.710757,0.161568,0.015905,no_change
1599,42,0.512175,0.332049,0.063298,27.713439,0.100000,300,0.000000,0.383234,8.400000,0.000002,3.870647,29.900000,300,0.554269,27.713439,0.691422,0.000003,reduce_ki
1600,42,0.851012,0.337160,0.175887,43.109169,0.100000,300,0.000000,0.129984,13.300000,0.000606,9.469786,29.900000,300,0.862183,43.109169,0.150762,0.000703,increase_kp
1601,42,0.499298,0.250485,0.164273,15.632226,0.100000,300,0.000000,0.533926,7.700000,0.000021,1.342233,29.900000,300,0.500000,15.632226,1.067851,0.000043,reduce_ki
1602,42,1.163486,0.212035,0.168295,34.866703,0.100000,300,0.000000,0.014259,10.600000,0.001122,6.125006,29.900000,300,0.697334,34.866703,0.020449,0.001610,no_change
1603,42,1.134933,0.241739,0.157761,22.190275,0.100000,300,0.000000,0.050373,6.700000,0.000863,2.455731,29.900000,300,0.500000,22.190275,0.100746,0.001727,no_change
1604,42,0.708001,0.108244,0.191697,25.885653,0.100000,300,0.000000,0.120578,8.100000,0.009277,3.384014,29.900000,300,0.517713,25.885653,0.232905,0.017919,no_change
1605,42,0.993475,0.042719,0.173391,40.729414,0.100000,300,0.000000,0.000000,12.500000,0.051707,8.454643,29.900000,300,0.814588,40.729414,0.000000,0.063476,increase_kp
1606,42,0.527318,0.318426,0.078595,44.339786,0.100000,300,0.000000,0.278823,13.800000,0.000051,10.044746,29.900000,300,0.886796,44.339786,0.314416,0.000058,increase_kp
1607,42,0.381087,0.031588,0.164542,22.063814,0.100000,300,0.000000,0.210722,7.600000,0.061897,2.554623,29.900000,300,0.500000,22.063814,0.421444,0.123793,no_change
1608,42,0.331425,0.311586,0.183178,33.940581,0.100000,300,0.000000,1.299372,14.900000,0.001937,5.976543,29.900000,300,0.678812,33.940581,1.914186,0.002854,reduce_ki
1609,42,1.067414,0.268359,0.081258,16.016450,0.100000,300,0.000000,0.061957,4.700000,0.000266,1.273782,29.900000,300,0.500000,16.016450,0.123914,0.000531,no_change
1610,42,1.053089,0.288119,0.188099,29.132739,0.100000,300,0.000000,0.081390,8.800000,0.000709,4.260347,29.900000,300,0.582655,29.132739,0.139688,0.001216,no_change
1611,42,0.554257,0.294407,0.143477,41.302837,0.100000,300,0.000000,0.329422,12.800000,0.000134,8.696315,29.900000,300,0.826057,41.302837,0.398789,0.000162,reduce_ki
1612,42,1.002265,0.288540,0.139696,30.190035,0.100000,300,0.000000,0.058839,9.100000,0.000447,4.574914,29.900000,300,0.603801,30.190035,0.097448,0.000740,no_change
1613,42,0.487042,0.210741,0.162686,37.133566,0.100000,300,0.000000,0.440954,11.500000,0.000580,7.025285,29.900000,300,0.742671,37.133566,0.593741,0.000782,reduce_ki
1614,42,0.598588,0.009573,0.010420,34.247775,0.100000,300,0.000000,0.000000,10.500000,0.103318,5.981227,29.900000,300,0.684956,34.247775,0.000000,0.150839,no_change
1615,42,0.793172,0.276857,0.027218,27.019855,0.100000,300,0.000000,0.063211,8.100000,0.000089,3.651615,29.900000,300,0.540397,27.019855,0.116972,0.000165,no_change
1616,42,0.791126,0.109803,0.016446,19.734673,0.100000,300,0.000000,0.025436,5.900000,0.001759,1.936298,29.900000,300,0.500000,19.734673,0.050873,0.003519,no_change
1617,42,0.668002,0.339383,0.166124,37.894881,0.100000,300,0.000000,0.288717,11.600000,0.000035,7.287901,29.900000,300,0.757898,37.894881,0.380944,0.000046,no_change
1618,42,1.031656,0.240014,0.158528,24.581974,0.100000,300,0.000000,0.065081,7.400000,0.000882,3.021835,29.900000,300,0.500000,24.581974,0.130162,0.001763,no_change
1619,42,0.626202,0.257310,0.052136,35.624006,0.100000,300,0.000000,0.134191,10.900000,0.000104,6.412711,29.900000,300,0.712480,35.624006,0.188343,0.000146,no_change
1620,42,1.009445,0.279835,0.039733,27.434893,0.100000,300,0.000000,0.023788,8.200000,0.000176,3.760619,29.900000,300,0.548698,27.434893,0.043353,0.000320,no_change
1621,42,0.300078,0.306737,0.188951,41.530243,0.100000,300,0.000000,1.481647,16.700000,0.015251,8.940779,29.900000,300,0.830605,41.530243,1.783817,0.018361,reduce_ki
1622,42,0.346936,0.331838,0.184622,34.413201,0.100000,300,0.000000,1.233608,14.600000,0.000409,6.121512,29.900000,300,0.688264,34.413201,1.792348,0.000594,reduce_ki
1623,42,0.789290,0.317396,0.194826,20.947986,0.100000,300,0.000000,0.232595,6.400000,0.000006,2.208117,29.900000,300,0.500000,20.947986,0.465190,0.000012,no_change
1624,42,0.871387,0.059065,0.080207,27.867101,0.100000,300,0.000000,0.000000,8.400000,0.006939,3.892575,29.900000,300,0.557342,27.867101,0.000000,0.012450,no_change
1625,42,0.386174,0.031171,0.073584,43.417305,0.100000,300,0.000000,0.000000,14.000000,0.042225,9.671946,29.900000,300,0.868346,43.417305,0.000000,0.048627,increase_kp
1626,42,0.229086,0.251504,0.087032,42.599671,0.100000,300,0.000000,1.492365,16.900000,0.016553,9.407245,29.900000,300,0.851993,42.599671,1.751615,0.019429,reduce_ki
1627,42,0.599079,0.235764,0.023702,36.406911,0.100000,300,0.000000,0.095761,11.100000,0.000156,6.699268,29.900000,300,0.728138,36.406911,0.131515,0.000214,no_change
1628,42,0.309599,0.301678,0.156424,23.638859,0.100000,300,0.000000,1.427373,20.500000,0.022560,3.269014,29.900000,300,0.500000,23.638859,2.854746,0.045120,reduce_ki
1629,42,0.643585,0.045570,0.171268,33.002484,0.100000,300,0.000000,0.000000,10.300000,0.002249,5.497721,29.900000,300,0.660050,33.002484,0.000000,0.003407,no_change
1630,42,1.194728,0.099039,0.135438,27.549930,0.100000,300,0.000000,0.000000,8.300000,0.002769,3.796143,29.900000,300,0.550999,27.549930,0.000000,0.005026,no_change
1631,42,0.549377,0.051080,0.058039,22.853984,0.100000,300,0.000000,0.044694,7.100000,0.009618,2.624267,29.900000,300,0.500000,22.853984,0.089388,0.019235,no_change
1632,42,0.779448,0.317565,0.073928,35.528013,0.100000,300,0.000000,0.080243,10.800000,0.000100,6.370197,29.900000,300,0.710560,35.528013,0.112929,0.000140,no_change
1633,42,0.603981,0.003612,0.026641,24.697379,0.100000,300,0.000000,0.000000,7.600000,0.062344,3.094140,29.900000,300,0.500000,24.697379,0.000000,0.124687,no_change
1634,42,0.862326,0.240398,0.142667,36.253595,0.100000,300,0.000000,0.061477,11.100000,0.001071,6.641309,29.900000,300,0.725072,36.253595,0.084787,0.001477,no_change
1635,42,0.909715,0.089679,0.019056,16.762569,0.100000,300,0.000000,0.006317,4.900000,0.000906,1.388817,29.900000,300,0.500000,16.762569,0.012634,0.001812,no_change
1636,42,0.466149,0.082195,0.181645,44.902183,0.100000,300,0.000000,0.167446,14.300000,0.036316,10.350782,29.900000,300,0.898044,44.902183,0.186457,0.040439,increase_kp
1637,42,1.133254,0.338523,0.119646,37.447255,0.100000,300,0.000000,0.024021,11.400000,0.000362,7.084267,29.900000,300,0.748945,37.447255,0.032074,0.000484,no_change
1638,42,0.150063,0.088780,0.123932,24.075221,0.100000,300,0.000000,2.845847,27.900000,0.629638,4.104026,29.900000,300,0.500000,24.075221,5.691693,1.259276,reduce_kp
1639,42,0.534166,0.129815,0.193612,31.786812,0.100000,300,0.000000,0.275853,10.000000,0.004393,5.140095,29.900000,300,0.635736,31.786812,0.433911,0.006910,no_change
1640,42,0.738536,0.091102,0.100749,42.909808,0.100000,300,0.000000,0.000000,13.300000,0.014328,9.388875,29.900000,300,0.858196,42.909808,0.000000,0.016695,increase_kp
1641,42,1.065686,0.046172,0.063463,30.912714,0.100000,300,0.000000,0.000000,9.300000,0.024660,4.813007,29.900000,300,0.618254,30.912714,0.000000,0.039887,no_change
1642,42,0.255975,0.040895,0.008832,18.836145,0.100000,300,0.000000,0.382113,6.300000,0.016311,1.894301,29.900000,300,0.500000,18.836145,0.764225,0.032621,reduce_ki
1643,42,1.058848,0.292181,0.149565,42.787111,0.100000,300,0.000000,0.010351,13.200000,0.000462,9.311253,29.900000,300,0.855742,42.787111,0.012096,0.000540,increase_kp
1644,42,0.411218,0.306928,0.122586,37.846918,0.100000,300,0.000000,0.690534,11.700000,0.000221,7.307463,29.900000,300,0.756938,37.846918,0.912273,0.000292,reduce_ki
1645,42,0.390134,0.109554,0.178534,24.466288,0.100000,300,0.000000,0.566301,11.800000,0.001169,3.107552,29.900000,300,0.500000,24.466288,1.132602,0.002338,reduce_ki
1646,42,1.194022,0.267286,0.030253,40.591010,0.100000,300,0.000000,0.000000,12.400000,0.002424,8.358276,29.900000,300,0.811820,40.591010,0.000000,0.002986,increase_kp
1647,42,0.823161,0.279377,0.010644,19.458624,0.100000,300,0.000000,0.059621,5.800000,0.000042,1.880964,29.900000,300,0.500000,19.458624,0.119241,0.000085,no_change
1648,42,0.352847,0.012552,0.052045,36.178886,0.100000,300,0.000000,0.000000,11.800000,0.094201,6.718629,29.900000,300,0.723578,36.178886,0.000000,0.130187,no_change
1649,42,0.580073,0.348321,0.185441,16.223751,0.100000,300,0.000000,0.479824,5.000000,0.000075,1.412943,29.900000,300,0.500000,16.223751,0.959648,0.000149,reduce_ki
1650,42,0.492172,0.248160,0.097040,29.789657,0.100000,300,0.000000,0.374724,9.200000,0.000024,4.488531,29.900000,300,0.595793,29.789657,0.628950,0.000041,reduce_ki
1651,42,1.030422,0.303408,0.024731,17.807336,0.100000,300,0.000000,0.047084,5.200000,0.000087,1.571150,29.900000,300,0.500000,17.807336,0.094167,0.000175,no_change
1652,42,1.054990,0.063229,0.033659,30.262133,0.100000,300,0.000000,0.000000,9.100000,0.016305,4.604138,29.900000,300,0.605243,30.262133,0.000000,0.026940,no_change
1653,42,0.400071,0.311813,0.117135,32.506422,0.100000,300,0.000000,0.788003,12.500000,0.000268,5.387797,29.900000,300,0.650128,32.506422,1.212073,0.000412,reduce_ki
1654,42,1.168790,0.184105,0.114158,27.492570,0.100000,300,0.000000,0.008762,8.200000,0.000654,3.776923,29.900000,300,0.549851,27.492570,0.015935,0.001190,no_change
1655,42,0.184519,0.268889,0.135382,41.621031,0.100000,300,0.000000,2.011585,18.100000,0.042211,9.112004,29.900000,300,0.832421,41.621031,2.416548,0.050709,reduce_kp
1656,42,0.128558,0.238459,0.136128,26.825094,0.100000,300,0.000000,2.822372,-1.0,1.620461,5.211384,29.900000,300,0.536502,26.825094,5.260694,3.020420,reduce_kp
1657,42,0.749372,0.332927,0.167395,19.613264,0.100000,300,0.000000,0.245373,6.000000,0.000000,1.935429,29.900000,300,0.500000,19.613264,0.490745,0.000000,no_change
1658,42,0.189170,0.290745,0.131908,28.621665,0.100000,300,0.000000,2.182404,23.400000,0.033113,4.870496,29.900000,300,0.572433,28.621665,3.812503,0.057846,reduce_kp
1659,42,1.150722,0.207971,0.001161,44.093115,0.100000,300,0.000000,0.000000,13.600000,0.008922,9.914027,29.900000,300,0.881862,44.093115,0.000000,0.010117,increase_kp
1660,42,0.821790,0.332814,0.064983,36.946357,0.100000,300,0.000000,0.057627,11.200000,0.000110,6.896247,29.900000,300,0.738927,36.946357,0.077987,0.000149,no_change
1661,42,0.907752,0.335091,0.113832,21.341006,0.100000,300,0.000000,0.109576,6.400000,0.000038,2.273621,29.900000,300,0.500000,21.341006,0.219151,0.000076,no_change
1662,42,0.153550,0.225275,0.064634,16.666051,0.100000,300,0.000000,2.527521,-1.0,2.527502,3.420104,29.900000,300,0.500000,16.666051,5.055043,5.055003,reduce_kp
1663,42,0.177796,0.333165,0.076278,26.965755,0.100000,300,0.000000,1.959478,-1.0,1.940113,5.014780,29.900000,300,0.539315,26.965755,3.633271,3.597364,reduce_kp
1664,42,0.295812,0.337767,0.173103,17.675649,0.100000,300,0.000000,1.639747,-1.0,1.639747,2.858008,29.900000,300,0.500000,17.675649,3.279494,3.279493,reduce_kp
1665,42,1.037580,0.057029,0.155899,23.548077,0.100000,300,0.000000,0.000000,7.100000,0.002966,2.766179,29.900000,300,0.500000,23.548077,0.000000,0.005933,no_change
1666,42,0.927814,0.228923,0.024120,29.725353,0.100000,300,0.000000,0.013589,8.900000,0.000229,4.424441,29.900000,300,0.594507,29.725353,0.022858,0.000385,no_change
1667,42,0.575594,0.282224,0.062020,35.548858,0.100000,300,0.000000,0.216242,10.900000,0.000007,6.391626,29.900000,300,0.710977,35.548858,0.304148,0.000009,no_change
1668,42,0.244415,0.232932,0.166411,30.379597,0.100000,300,0.000000,1.804845,17.700000,0.010259,5.011253,29.900000,300,0.607592,30.379597,2.970489,0.016885,reduce_kp
1669,42,0.638585,0.309895,0.095288,31.891712,0.100000,300,0.000000,0.240358,9.700000,0.000003,5.129483,29.900000,300,0.637834,31.891712,0.376835,0.000004,no_change
1670,42,0.565378,0.264772,0.162199,33.416034,0.100000,300,0.000000,0.386021,10.300000,0.000021,5.661351,29.900000,300,0.668321,33.416034,0.577598,0.000032,reduce_ki
1671,42,0.577517,0.149106,0.008088,25.252345,0.100000,300,0.000000,0.089927,7.700000,0.000700,3.195149,29.900000,300,0.505047,25.252345,0.178057,0.001386,no_change
1672,42,0.609877,0.078481,0.137247,19.652091,0.100000,300,0.000000,0.110568,6.200000,0.010341,1.959971,29.900000,300,0.500000,19.652091,0.221136,0.020682,no_change
1673,42,0.644854,0.220346,0.104936,23.721091,0.100000,300,0.000000,0.212185,7.300000,0.000115,2.831421,29.900000,300,0.500000,23.721091,0.424369,0.000229,no_change
1674,42,0.581091,0.317523,0.095522,19.458196,0.100000,300,0.000000,0.323523,5.900000,0.000000,1.911827,29.900000,300,0.500000,19.458196,0.647047,0.000001,reduce_ki
1675,42,0.240569,0.316016,0.168308,30.692762,0.100000,300,0.000000,1.837267,18.800000,0.004392,5.165840,29.900000,300,0.613855,30.692762,2.992997,0.007154,reduce_kp
1676,42,0.425030,0.016705,0.015307,16.352847,0.100000,300,0.000000,0.020379,5.200000,0.010648,1.350140,29.900000,300,0.500000,16.352847,0.040759,0.021296,no_change
1677,42,0.218395,0.148720,0.018897,34.825658,0.100000,300,0.000000,1.218758,14.900000,0.006444,6.269345,29.900000,300,0.696513,34.825658,1.749799,0.009252,reduce_ki
1678,42,0.725326,0.088683,0.050972,17.453087,0.100000,300,0.000000,0.048856,5.200000,0.004425,1.522854,29.900000,300,0.500000,17.453087,0.097713,0.008851,no_change
1679,42,0.653789,0.039877,0.132316,20.386566,0.100000,300,0.000000,0.026276,6.400000,0.009732,2.087159,29.900000,300,0.500000,20.386566,0.052551,0.019464,no_change
1680,42,0.300429,0.137535,0.016658,41.302660,0.100000,300,0.000000,0.460281,13.000000,0.001947,8.727239,29.900000,300,0.826053,41.302660,0.557205,0.002357,reduce_ki
1681,42,0.427412,0.205523,0.091000,35.107796,0.100000,300,0.000000,0.426008,10.900000,0.000020,6.264797,29.900000,300,0.702156,35.107796,0.606715,0.000029,reduce_ki
1682,42,0.786191,0.092776,0.193344,41.140345,0.100000,300,0.000000,0.000000,12.800000,0.002357,8.604504,29.900000,300,0.822807,41.140345,0.000000,0.002865,increase_kp
1683,42,0.305911,0.064781,0.149406,33.121586,0.100000,300,0.000000,0.554450,10.800000,0.016965,5.687420,29.900000,300,0.662432,33.121586,0.836992,0.025610,reduce_ki
1684,42,1.058777,0.037216,0.106875,15.175412,0.100000,300,0.000000,0.001559,4.500000,0.000812,1.137365,29.900000,300,0.500000,15.175412,0.003118,0.001624,no_change
1685,42,0.228346,0.060107,0.095424,35.754187,0.100000,300,0.000000,0.886262,17.000000,0.012953,6.671846,29.900000,300,0.715084,35.754187,1.239381,0.018114,reduce_ki
1686,42,1.055659,0.338031,0.120377,29.601675,0.100000,300,0.000000,0.065766,8.900000,0.000243,4.394130,29.900000,300,0.592033,29.601675,0.111084,0.000410,no_change
1687,42,0.780349,0.340873,0.072146,35.214094,0.100000,300,0.000000,0.088189,10.700000,0.000052,6.255977,29.900000,300,0.704282,35.214094,0.125219,0.000074,no_change
1688,42,0.859323,0.138249,0.060531,18.752685,0.100000,300,0.000000,0.041868,5.600000,0.001737,1.751068,29.900000,300,0.500000,18.752685,0.083735,0.003474,no_change
1689,42,0.115264,0.039169,0.003177,44.115611,0.100000,300,0.000000,1.871864,21.800000,0.112705,10.360754,29.900000,300,0.882312,44.115611,2.121544,0.127738,reduce_kp
1690,42,1.044913,0.073230,0.129725,34.492195,0.100000,300,0.000000,0.000000,10.500000,0.015828,6.007066,29.900000,300,0.689844,34.492195,0.000000,0.022945,no_change
1691,42,0.579367,0.219121,0.158002,20.727434,0.100000,300,0.000000,0.321288,6.400000,0.000008,2.180992,29.900000,300,0.500000,20.727434,0.642577,0.000016,reduce_ki
1692,42,0.431010,0.162199,0.094798,15.654505,0.100000,300,0.000000,0.439685,4.900000,0.000053,1.300750,29.900000,300,0.500000,15.654505,0.879370,0.000106,reduce_ki
1693,42,0.282716,0.053348,0.140520,43.916006,0.100000,300,0.000000,0.470820,14.400000,0.096851,9.995573,29.900000,300,0.878320,43.916006,0.536045,0.110268,reduce_ki
1694,42,0.618638,0.300929,0.117045,21.040153,0.100000,300,0.000000,0.288266,6.400000,0.000000,2.229470,29.900000,300,0.500000,21.040153,0.576532,0.000000,no_change
1695,42,0.726374,0.291843,0.010184,15.236228,0.100000,300,0.000000,0.125610,4.500000,0.000007,1.156152,29.900000,300,0.500000,15.236228,0.251219,0.000015,no_change
1696,42,0.793451,0.249582,0.195897,40.458488,0.100000,300,0.000000,0.115064,12.500000,0.001612,8.320552,29.900000,300,0.809170,40.458488,0.142200,0.001992,increase_kp
1697,42,0.910786,0.208544,0.110861,23.723236,0.100000,300,0.000000,0.069334,7.200000,0.000933,2.813524,29.900000,300,0.500000,23.723236,0.138669,0.001866,no_change
1698,42,0.636246,0.170135,0.118208,33.344859,0.100000,300,0.000000,0.123193,10.300000,0.001738,5.617346,29.900000,300,0.666897,33.344859,0.184726,0.002606,no_change
1699,42,0.846535,0.285841,0.097580,36.428710,0.100000,300,0.000000,0.057683,11.100000,0.000359,6.702825,29.900000,300,0.728574,36.428710,0.079173,0.000493,no_change
1700,42,0.681140,0.147702,0.063170,16.905317,0.100000,300,0.000000,0.112631,5.100000,0.001113,1.435866,29.900000,300,0.500000,16.905317,0.225263,0.002226,no_change
1701,42,1.082165,0.145998,0.094668,29.843664,0.100000,300,0.000000,0.000000,9.000000,0.000075,4.460057,29.900000,300,0.596873,29.843664,0.000000,0.000126,no_change
1702,42,1.132861,0.121367,0.139503,15.624208,0.100000,300,0.000000,0.025219,4.600000,0.002912,1.212837,29.900000,300,0.500000,15.624208,0.050438,0.005824,no_change
1703,42,0.416812,0.067270,0.068769,21.963093,0.100000,300,0.000000,0.204609,7.000000,0.010570,2.467423,29.900000,300,0.500000,21.963093,0.409218,0.021140,no_change
1704,42,0.341673,0.318175,0.067831,33.063004,0.100000,300,0.000000,0.858004,12.700000,0.000435,5.581221,29.900000,300,0.661260,33.063004,1.297529,0.000658,reduce_ki
1705,42,1.026714,0.229935,0.026232,23.801821,0.100000,300,0.000000,0.012366,7.100000,0.000195,2.818769,29.900000,300,0.500000,23.801821,0.024732,0.000390,no_change
1706,42,0.882524,0.335931,0.166616,35.193219,0.100000,300,0.000000,0.126837,10.700000,0.000219,6.255498,29.900000,300,0.703864,35.193219,0.180201,0.000310,no_change
1707,42,0.908043,0.278590,0.159951,40.335939,0.100000,300,0.000000,0.077242,12.400000,0.001303,8.258860,29.900000,300,0.806719,40.335939,0.095749,0.001616,increase_kp
1708,42,0.784027,0.098860,0.149851,35.011694,0.100000,300,0.000000,0.010057,10.800000,0.002160,6.185838,29.900000,300,0.700234,35.011694,0.014363,0.003085,no_change
1709,42,0.242006,0.069819,0.121150,18.027112,0.100000,300,0.000000,1.086704,16.900000,0.007917,1.984577,29.900000,300,0.500000,18.027112,2.173408,0.015834,reduce_ki
1710,42,0.557583,0.347819,0.060730,21.282988,0.100000,300,0.000000,0.312638,6.500000,0.000000,2.277298,29.900000,300,0.500000,21.282988,0.625277,0.000000,reduce_ki
1711,42,0.151754,0.006346,0.176181,25.711316,0.100000,300,0.000000,0.640311,28.600000,0.547792,3.947870,29.900000,300,0.514226,25.711316,1.245192,1.065275,no_change
1712,42,0.274466,0.289782,0.178891,15.959100,0.100000,300,0.000000,1.805295,-1.0,1.798660,2.731679,29.900000,300,0.500000,15.959100,3.610589,3.597319,reduce_kp
1713,42,0.170032,0.150717,0.123513,18.620641,0.100000,300,0.000000,2.621755,-1.0,2.456079,3.673006,29.900000,300,0.500000,18.620641,5.243509,4.912159,reduce_kp
1714,42,0.346505,0.090238,0.068065,25.657229,0.100000,300,0.000000,0.403006,8.200000,0.001011,3.376073,29.900000,300,0.513145,25.657229,0.785366,0.001970,reduce_ki
1715,42,0.151344,0.307200,0.053498,19.535351,0.100000,300,0.000000,2.168434,-1.0,2.168432,3.605311,29.900000,300,0.500000,19.535351,4.336869,4.336865,reduce_kp
1716,42,0.859149,0.180386,0.133897,36.192148,0.100000,300,0.000000,0.046605,11.000000,0.002563,6.617817,29.900000,300,0.723843,36.192148,0.064386,0.003541,no_change
1717,42,1.119295,0.153239,0.091427,40.247909,0.100000,300,0.000000,0.000000,12.300000,0.008523,8.221551,29.900000,300,0.804958,40.247909,0.000000,0.010589,increase_kp
1718,42,0.222024,0.037062,0.122115,38.464688,0.100000,300,0.000000,0.694525,12.800000,0.137036,7.761038,29.900000,300,0.769294,38.464688,0.902809,0.178132,reduce_ki
1719,42,1.142122,0.288264,0.008394,18.162333,0.100000,300,0.000000,0.016959,5.300000,0.000089,1.630572,29.900000,300,0.500000,18.162333,0.033919,0.000178,no_change
1720,42,0.792919,0.304804,0.182197,19.710976,0.100000,300,0.000000,0.229993,6.000000,0.000014,1.955717,29.900000,300,0.500000,19.710976,0.459986,0.000028,no_change
1721,42,0.421335,0.154531,0.101179,36.976557,0.100000,300,0.000000,0.345102,11.600000,0.000597,6.963824,29.900000,300,0.739531,36.976557,0.466649,0.000807,reduce_ki
1722,42,0.209224,0.226483,0.066922,19.133174,0.100000,300,0.000000,1.786200,-1.0,1.679716,3.146229,29.900000,300,0.500000,19.133174,3.572400,3.359432,reduce_kp
1723,42,1.033455,0.153688,0.083150,38.070995,0.100000,300,0.000000,0.000000,11.600000,0.004063,7.333432,29.900000,300,0.761420,38.070995,0.000000,0.005337,no_change
1724,42,0.369848,0.283201,0.068264,30.150682,0.100000,300,0.000000,0.723987,11.700000,0.000168,4.629824,29.900000,300,0.603014,30.150682,1.200615,0.000278,reduce_ki
1725,42,0.193757,0.130353,0.150969,25.819302,0.100000,300,0.000000,2.341856,23.000000,0.007946,4.110992,29.900000,300,0.516386,25.819302,4.535088,0.015387,reduce_kp
1726,42,0.831495,0.053064,0.150701,27.651666,0.100000,300,0.000000,0.000000,8.500000,0.000837,3.829963,29.900000,300,0.553033,27.651666,0.000000,0.001513,no_change
1727,42,0.351000,0.280619,0.082682,27.279280,0.100000,300,0.000000,0.873134,12.200000,0.000269,3.833039,29.900000,300,0.545586,27.279280,1.600362,0.000492,reduce_ki
1728,42,0.604628,0.298337,0.158921,25.853231,0.100000,300,0.000000,0.355184,8.000000,0.000007,3.375060,29.900000,300,0.517065,25.853231,0.686924,0.000013,reduce_ki
1729,42,0.132739,0.050955,0.001990,39.187406,0.100000,300,0.000000,1.644118,19.100000,0.130453,8.131620,29.900000,300,0.783748,39.187406,2.097763,0.166448,reduce_kp
1730,42,1.138007,0.029672,0.062961,44.458348,0.100000,300,0.000000,0.000000,13.700000,0.086502,10.121587,29.900000,300,0.889167,44.458348,0.000000,0.097285,increase_kp
1731,42,0.280757,0.021514,0.151838,34.805285,0.100000,300,0.000000,0.211635,12.000000,0.116092,6.277394,29.900000,300,0.696106,34.805285,0.304027,0.166774,increase_kp
1732,42,0.805612,0.315879,0.011562,33.948227,0.100000,300,0.000000,0.050152,10.200000,0.000081,5.800225,29.900000,300,0.678965,33.948227,0.073865,0.000119,no_change
1733,42,0.884706,0.231127,0.103956,23.871733,0.100000,300,0.000000,0.067341,7.200000,0.000461,2.847822,29.900000,300,0.500000,23.871733,0.134682,0.000922,no_change
1734,42,0.542203,0.238305,0.110722,24.129691,0.100000,300,0.000000,0.358385,7.400000,0.000002,2.942902,29.900000,300,0.500000,24.129691,0.716770,0.000004,reduce_ki
1735,42,0.916967,0.318231,0.001580,23.393422,0.100000,300,0.000000,0.049345,6.900000,0.000050,2.724452,29.900000,300,0.500000,23.393422,0.098690,0.000101,no_change
1736,42,0.680571,0.322158,0.140059,28.385672,0.100000,300,0.000000,0.252739,8.700000,0.000002,4.057549,29.900000,300,0.567713,28.385672,0.445188,0.000004,no_change
1737,42,0.325647,0.190549,0.157668,34.561113,0.100000,300,0.000000,1.063663,14.600000,0.005682,6.159666,29.900000,300,0.691222,34.561113,1.538815,0.008221,reduce_ki
1738,42,0.867218,0.310686,0.156313,27.135171,0.100000,300,0.000000,0.145551,8.200000,0.000121,3.696247,29.900000,300,0.542703,27.135171,0.268196,0.000224,no_change
1739,42,0.317025,0.105536,0.007394,25.034788,0.100000,300,0.000000,0.403474,7.900000,0.000117,3.195119,29.900000,300,0.500696,25.034788,0.805827,0.000234,reduce_ki
1740,42,0.897609,0.259018,0.025201,44.757719,0.100000,300,0.000000,0.000000,13.800000,0.001031,10.216470,29.900000,300,0.895154,44.757719,0.000000,0.001152,increase_kp
1741,42,0.412321,0.032487,0.110357,30.640076,0.100000,300,0.000000,0.063126,9.900000,0.025180,4.767389,29.900000,300,0.612802,30.640076,0.103013,0.041090,no_change
1742,42,0.932751,0.056010,0.005578,38.897961,0.100000,300,0.000000,0.000000,11.800000,0.041669,7.689175,29.900000,300,0.777959,38.897961,0.000000,0.053562,no_change
1743,42,0.751754,0.084469,0.154832,36.795277,0.100000,300,0.000000,0.005504,11.300000,0.001635,6.845881,29.900000,300,0.735906,36.795277,0.007479,0.002222,no_change
1744,42,1.185650,0.038655,0.011989,26.189366,0.100000,300,0.000000,0.000000,7.800000,0.020501,3.437507,29.900000,300,0.523787,26.189366,0.000000,0.039140,no_change
1745,42,0.789688,0.124066,0.009547,34.528873,0.100000,300,0.000000,0.000000,10.400000,0.002778,6.008519,29.900000,300,0.690577,34.528873,0.000000,0.004023,no_change
1746,42,0.237225,0.104286,0.147372,28.594415,0.100000,300,0.000000,1.504395,16.700000,0.020901,4.416988,29.900000,300,0.571888,28.594415,2.630575,0.036548,reduce_kp
1747,42,1.181246,0.281886,0.197800,31.967917,0.100000,300,0.000000,0.037945,9.700000,0.000895,5.136408,29.900000,300,0.639358,31.967917,0.059349,0.001400,no_change
1748,42,1.083773,0.219711,0.106658,32.866467,0.100000,300,0.000000,0.009200,9.900000,0.000458,5.428444,29.900000,300,0.657329,32.866467,0.013996,0.000696,no_change
1749,42,0.485371,0.099587,0.156958,36.445634,0.100000,300,0.000000,0.203684,11.500000,0.012811,6.766744,29.900000,300,0.728913,36.445634,0.279436,0.017576,no_change
1750,42,0.839677,0.250023,0.103933,22.429000,0.100000,300,0.000000,0.099917,6.800000,0.000240,2.515244,29.900000,300,0.500000,22.429000,0.199834,0.000479,no_change
1751,42,0.460632,0.203829,0.164569,25.838026,0.100000,300,0.000000,0.570234,10.900000,0.000149,3.409084,29.900000,300,0.516761,25.838026,1.103478,0.000288,reduce_ki
1752,42,0.207787,0.249074,0.165688,17.458415,0.100000,300,0.000000,2.317849,-1.0,2.317836,3.360814,29.900000,300,0.500000,17.458415,4.635698,4.635672,reduce_kp
1753,42,0.168413,0.310978,0.095251,28.384923,0.100000,300,0.000000,2.123563,23.900000,0.084435,4.828343,29.900000,300,0.567698,28.384923,3.740653,0.148732,reduce_kp
1754,42,0.506224,0.184189,0.117648,30.568350,0.100000,300,0.000000,0.314358,9.500000,0.000026,4.733770,29.900000,300,0.611367,30.568350,0.514188,0.000042,reduce_ki
1755,42,0.534261,0.092293,0.099765,27.702666,0.100000,300,0.000000,0.116093,8.700000,0.006942,3.876255,29.900000,300,0.554053,27.702666,0.209534,0.012530,no_change
1756,42,0.584088,0.325862,0.097908,44.198174,0.100000,300,0.000000,0.231871,13.700000,0.000115,9.975808,29.900000,300,0.883963,44.198174,0.262308,0.000130,increase_kp
1757,42,1.006193,0.050521,0.025425,36.334517,0.100000,300,0.000000,0.000000,11.000000,0.038412,6.690293,29.900000,300,0.726690,36.334517,0.000000,0.052858,no_change
1758,42,0.242324,0.246584,0.172654,18.541745,0.100000,300,0.000000,1.972264,-1.0,1.904510,3.218435,29.900000,300,0.500000,18.541745,3.944527,3.809020,reduce_kp
1759,42,0.333907,0.165674,0.149299,43.322087,0.100000,300,0.000000,0.807944,13.600000,0.011198,9.671804,29.900000,300,0.866442,43.322087,0.932485,0.012924,reduce_ki
1760,42,0.506265,0.333138,0.120320,27.258596,0.100000,300,0.000000,0.474523,8.400000,0.000015,3.758891,29.900000,300,0.545172,27.258596,0.870409,0.000028,reduce_ki
1761,42,0.232953,0.200118,0.008056,19.599135,0.100000,300,0.000000,1.251329,18.300000,0.014417,2.317294,29.900000,300,0.500000,19.599135,2.502659,0.028833,reduce_ki
1762,42,0.508614,0.346857,0.060652,29.577766,0.100000,300,0.000000,0.383703,9.000000,0.000003,4.411768,29.900000,300,0.591555,29.577766,0.648634,0.000005,reduce_ki
1763,42,0.970324,0.049749,0.117925,16.459531,0.100000,300,0.000000,0.006988,4.900000,0.002706,1.343948,29.900000,300,0.500000,16.459531,0.013977,0.005411,no_change
1764,42,1.083678,0.311170,0.043116,39.573752,0.100000,300,0.000000,0.000000,12.000000,0.000366,7.930540,29.900000,300,0.791475,39.573752,0.000000,0.000462,increase_kp
1765,42,0.637673,0.042815,0.069730,41.112796,0.100000,300,0.000000,0.000000,12.700000,0.049478,8.627509,29.900000,300,0.822256,41.112796,0.000000,0.060174,increase_kp
1766,42,0.559333,0.200571,0.113153,42.008619,0.100000,300,0.000000,0.174811,13.100000,0.000938,8.996008,29.900000,300,0.840172,42.008619,0.208065,0.001116,increase_kp
1767,42,0.959484,0.166330,0.144007,33.171291,0.100000,300,0.000000,0.022792,10.100000,0.001874,5.537891,29.900000,300,0.663426,33.171291,0.034354,0.002825,no_change
1768,42,0.938146,0.176667,0.092187,28.497882,0.100000,300,0.000000,0.034506,8.600000,0.001513,4.068363,29.900000,300,0.569958,28.497882,0.060541,0.002655,no_change
1769,42,0.593982,0.303221,0.065043,38.994349,0.100000,300,0.000000,0.180066,12.000000,0.000011,7.713785,29.900000,300,0.779887,38.994349,0.230887,0.000014,increase_kp
1770,42,0.830953,0.143370,0.046564,26.861914,0.100000,300,0.000000,0.023577,8.100000,0.001264,3.607660,29.900000,300,0.537238,26.861914,0.043886,0.002353,no_change
1771,42,0.695094,0.335328,0.178009,37.077384,0.100000,300,0.000000,0.246075,11.400000,0.000036,6.969854,29.900000,300,0.741548,37.077384,0.331840,0.000049,no_change
1772,42,0.810508,0.303084,0.141442,32.159844,0.100000,300,0.000000,0.138335,9.800000,0.000160,5.210797,29.900000,300,0.643197,32.159844,0.215074,0.000249,no_change
1773,42,0.975775,0.247590,0.112209,18.713448,0.100000,300,0.000000,0.074304,5.600000,0.000375,1.745314,29.900000,300,0.500000,18.713448,0.148607,0.000750,no_change
1774,42,0.715288,0.067349,0.123741,32.305667,0.100000,300,0.000000,0.000000,9.900000,0.000853,5.253273,29.900000,300,0.646113,32.305667,0.000000,0.001320,no_change
1775,42,0.158162,0.199586,0.037879,29.275071,0.100000,300,0.000000,2.081051,19.000000,0.004736,4.794649,29.900000,300,0.585501,29.275071,3.554306,0.008088,reduce_kp
1776,42,1.086551,0.042099,0.187236,20.392302,0.100000,300,0.000000,0.000000,6.200000,0.002155,2.069028,29.900000,300,0.500000,20.392302,0.000000,0.004311,no_change
1777,42,0.120871,0.275365,0.049057,36.168531,0.100000,300,0.000000,2.217915,18.500000,0.029331,7.047598,29.900000,300,0.723371,36.168531,3.066083,0.040548,reduce_kp
1778,42,1.076421,0.155480,0.161384,33.205645,0.100000,300,0.000000,0.012702,10.100000,0.001658,5.546570,29.900000,300,0.664113,33.205645,0.019126,0.002497,no_change
1779,42,0.541978,0.015744,0.172395,15.697897,0.100000,300,0.000000,0.033114,5.300000,0.021135,1.266179,29.900000,300,0.500000,15.697897,0.066228,0.042271,no_change
1780,42,0.580719,0.145228,0.171930,24.521473,0.100000,300,0.000000,0.253092,7.700000,0.001664,3.052342,29.900000,300,0.500000,24.521473,0.506185,0.003328,no_change
1781,42,0.382896,0.040126,0.019867,20.044680,0.100000,300,0.000000,0.102450,6.500000,0.016606,2.047630,29.900000,300,0.500000,20.044680,0.204900,0.033212,no_change
1782,42,0.258438,0.089444,0.017926,24.203827,0.100000,300,0.000000,0.635262,11.700000,0.000435,3.034325,29.900000,300,0.500000,24.203827,1.270523,0.000870,reduce_ki
1783,42,0.548004,0.059217,0.122895,24.758721,0.100000,300,0.000000,0.087654,7.900000,0.015763,3.100431,29.900000,300,0.500000,24.758721,0.175309,0.031526,no_change
1784,42,0.129888,0.020476,0.077988,24.601244,0.100000,300,0.000000,1.658943,22.800000,0.147915,3.720121,29.900000,300,0.500000,24.601244,3.317886,0.295829,reduce_kp
1785,42,0.554105,0.113476,0.075103,39.832242,0.100000,300,0.000000,0.046565,12.400000,0.004251,8.058659,29.900000,300,0.796645,39.832242,0.058451,0.005336,increase_kp
1786,42,0.233063,0.070896,0.150427,32.580872,0.100000,300,0.000000,1.231583,17.200000,0.046296,5.622357,29.900000,300,0.651617,32.580872,1.890040,0.071048,reduce_ki
1787,42,0.642277,0.263336,0.077010,18.452441,0.100000,300,0.000000,0.194861,5.600000,0.000004,1.709612,29.900000,300,0.500000,18.452441,0.389721,0.000008,no_change
1788,42,0.166695,0.162688,0.081415,29.525145,0.100000,300,0.000000,2.261562,19.900000,0.053881,4.943175,29.900000,300,0.590503,29.525145,3.829891,0.091246,reduce_kp
1789,42,0.548243,0.081809,0.177231,23.074792,0.100000,300,0.000000,0.182838,7.400000,0.013406,2.717847,29.900000,300,0.500000,23.074792,0.365676,0.026813,no_change
1790,42,1.159822,0.236284,0.049263,31.641224,0.100000,300,0.000000,0.000000,9.500000,0.000412,5.022806,29.900000,300,0.632824,31.641224,0.000000,0.000652,no_change
1791,42,0.963736,0.106614,0.081349,17.517251,0.100000,300,0.000000,0.028805,5.200000,0.003271,1.526011,29.900000,300,0.500000,17.517251,0.057610,0.006541,no_change
1792,42,0.799379,0.071210,0.193582,26.199157,0.100000,300,0.000000,0.036526,8.100000,0.009363,3.448413,29.900000,300,0.523983,26.199157,0.069709,0.017869,no_change
1793,42,1.183840,0.273708,0.107507,27.712574,0.100000,300,0.000000,0.020380,8.300000,0.000384,3.839030,29.900000,300,0.554251,27.712574,0.036771,0.000693,no_change
1794,42,1.102642,0.158110,0.000200,28.939562,0.100000,300,0.000000,0.000000,8.600000,0.001698,4.191090,29.900000,300,0.578791,28.939562,0.000000,0.002934,no_change
1795,42,1.012309,0.101237,0.194416,15.016288,0.100000,300,0.000000,0.046143,4.500000,0.006274,1.131798,29.900000,300,0.500000,15.016288,0.092286,0.012547,no_change
1796,42,1.126857,0.168765,0.119574,40.184632,0.100000,300,0.000000,0.000000,12.300000,0.004285,8.190355,29.900000,300,0.803693,40.184632,0.000000,0.005331,increase_kp
1797,42,0.518169,0.122996,0.126441,32.554775,0.100000,300,0.000000,0.213064,10.100000,0.004607,5.376051,29.900000,300,0.651095,32.554775,0.327239,0.007075,no_change
1798,42,0.661361,0.015920,0.147837,31.892447,0.100000,300,0.000000,0.000000,9.900000,0.054606,5.164950,29.900000,300,0.637849,31.892447,0.000000,0.085609,no_change
1799,42,0.430702,0.138357,0.024595,19.189508,0.100000,300,0.000000,0.275448,5.900000,0.000083,1.870061,29.900000,300,0.500000,19.189508,0.550897,0.000167,no_change
1800,42,0.712127,0.097810,0.086392,33.313359,0.100000,300,0.000000,0.003277,10.200000,0.000584,5.587286,29.900000,300,0.666267,33.313359,0.004919,0.000877,no_change
1801,42,1.153159,0.111406,0.136420,25.279058,0.100000,300,0.000000,0.000000,7.600000,0.000179,3.186082,29.900000,300,0.505581,25.279058,0.000000,0.000354,no_change
1802,42,0.387497,0.263443,0.090544,22.377849,0.100000,300,0.000000,0.691123,10.600000,0.000024,2.597323,29.900000,300,0.500000,22.377849,1.382247,0.000048,reduce_ki
1803,42,1.181324,0.119570,0.091960,32.985410,0.100000,300,0.000000,0.000000,9.900000,0.006813,5.476120,29.900000,300,0.659708,32.985410,0.000000,0.010327,no_change
1804,42,0.117462,0.242146,0.129289,15.061425,0.100000,300,0.000000,3.052676,-1.0,3.002698,3.655956,29.900000,300,0.500000,15.061425,6.105351,6.005396,reduce_kp
1805,42,0.624182,0.315506,0.134541,27.394891,0.100000,300,0.000000,0.326547,8.400000,0.000002,3.783399,29.900000,300,0.547898,27.394891,0.596000,0.000004,reduce_ki
1806,42,1.084795,0.246155,0.152493,31.143944,0.100000,300,0.000000,0.037945,9.400000,0.001019,4.871021,29.900000,300,0.622879,31.143944,0.060919,0.001637,no_change
1807,42,0.966036,0.227184,0.015505,15.928426,0.100000,300,0.000000,0.044436,4.600000,0.000276,1.256344,29.900000,300,0.500000,15.928426,0.088873,0.000552,no_change
1808,42,1.015292,0.235065,0.134449,25.589842,0.100000,300,0.000000,0.061413,7.700000,0.000921,3.275609,29.900000,300,0.511797,25.589842,0.119994,0.001799,no_change
1809,42,0.994059,0.289613,0.071593,20.315599,0.100000,300,0.000000,0.069606,6.000000,0.000172,2.054186,29.900000,300,0.500000,20.315599,0.139212,0.000344,no_change
1810,42,0.944762,0.243961,0.001686,28.880776,0.100000,300,0.000000,0.001107,8.600000,0.000016,4.170307,29.900000,300,0.577616,28.880776,0.001916,0.000028,no_change
1811,42,1.129873,0.155602,0.044304,15.593450,0.100000,300,0.000000,0.011623,4.500000,0.000669,1.199935,29.900000,300,0.500000,15.593450,0.023246,0.001337,no_change
1812,42,0.409248,0.322490,0.071564,17.698996,0.100000,300,0.000000,0.693305,11.400000,0.000452,1.733458,29.900000,300,0.500000,17.698996,1.386611,0.000903,reduce_ki
1813,42,0.774787,0.106112,0.143562,22.027738,0.100000,300,0.000000,0.061635,6.800000,0.005294,2.434350,29.900000,300,0.500000,22.027738,0.123269,0.010589,no_change
1814,42,0.643190,0.127050,0.056151,42.135228,0.100000,300,0.000000,0.000000,13.000000,0.000592,9.029671,29.900000,300,0.842705,42.135228,0.000000,0.000703,increase_kp
1815,42,0.877665,0.073180,0.039217,39.633704,0.100000,300,0.000000,0.000000,12.100000,0.028206,7.983357,29.900000,300,0.792674,39.633704,0.000000,0.035584,increase_kp
1816,42,0.535695,0.304471,0.113820,29.820340,0.100000,300,0.000000,0.406866,9.100000,0.000014,4.494399,29.900000,300,0.596407,29.820340,0.682195,0.000023,reduce_ki
1817,42,0.706964,0.230943,0.113141,35.471508,0.100000,300,0.000000,0.132416,10.900000,0.000711,6.361377,29.900000,300,0.709430,35.471508,0.186651,0.001002,no_change
1818,42,0.721654,0.022876,0.025649,16.951480,0.100000,300,0.000000,0.000000,5.100000,0.004824,1.428398,29.900000,300,0.500000,16.951480,0.000000,0.009648,no_change
1819,42,0.385587,0.199466,0.045593,30.692399,0.100000,300,0.000000,0.444660,9.500000,0.000087,4.776338,29.900000,300,0.613848,30.692399,0.724382,0.000142,reduce_ki
1820,42,0.960478,0.067148,0.135596,44.758541,0.100000,300,0.000000,0.000000,13.800000,0.045420,10.250799,29.900000,300,0.895171,44.758541,0.000000,0.050739,increase_kp
1821,42,0.862284,0.186530,0.050584,31.803479,0.100000,300,0.000000,0.017806,9.600000,0.000627,5.079055,29.900000,300,0.636070,31.803479,0.027993,0.000986,no_change
1822,42,0.599319,0.328262,0.128193,43.292227,0.100000,300,0.000000,0.290773,13.400000,0.000135,9.565619,29.900000,300,0.865845,43.292227,0.335826,0.000156,increase_kp
1823,42,0.157049,0.328566,0.086510,44.853194,0.100000,300,0.000000,1.901533,18.200000,0.029789,10.530915,29.900000,300,0.897064,44.853194,2.119730,0.033208,reduce_kp
1824,42,0.401439,0.238061,0.093317,25.844155,0.100000,300,0.000000,0.598309,10.600000,0.000007,3.405845,29.900000,300,0.516883,25.844155,1.157532,0.000013,reduce_ki
1825,42,0.934924,0.309331,0.044910,23.337991,0.100000,300,0.000000,0.052342,7.000000,0.000075,2.713700,29.900000,300,0.500000,23.337991,0.104684,0.000150,no_change
1826,42,0.562068,0.157102,0.001032,20.838244,0.100000,300,0.000000,0.124499,6.300000,0.000357,2.174622,29.900000,300,0.500000,20.838244,0.248999,0.000713,no_change
1827,42,0.189990,0.200137,0.005074,37.123325,0.100000,300,0.000000,1.530372,15.700000,0.004754,7.157354,29.900000,300,0.742467,37.123325,2.061200,0.006403,reduce_kp
1828,42,1.175905,0.148337,0.014888,22.499525,0.100000,300,0.000000,0.000000,6.600000,0.000438,2.513668,29.900000,300,0.500000,22.499525,0.000000,0.000876,no_change
1829,42,0.280930,0.108782,0.125199,17.901783,0.100000,300,0.000000,1.022839,16.000000,0.013176,1.919092,29.900000,300,0.500000,17.901783,2.045678,0.026352,reduce_ki
1830,42,0.627963,0.282821,0.118506,33.788913,0.100000,300,0.000000,0.238386,10.400000,0.000008,5.770973,29.900000,300,0.675778,33.788913,0.352758,0.000013,no_change
1831,42,0.467733,0.087643,0.021568,22.150776,0.100000,300,0.000000,0.121712,6.900000,0.003544,2.473810,29.900000,300,0.500000,22.150776,0.243424,0.007088,no_change
1832,42,0.474882,0.019052,0.066718,38.823334,0.100000,300,0.000000,0.000000,12.200000,0.088481,7.715144,29.900000,300,0.776467,38.823334,0.000000,0.113954,increase_kp
1833,42,1.137902,0.271512,0.123913,37.922957,0.100000,300,0.000000,0.001021,11.500000,0.000055,7.267705,29.900000,300,0.758459,37.922957,0.001347,0.000072,no_change
1834,42,0.787884,0.202627,0.017107,16.820608,0.100000,300,0.000000,0.073170,5.000000,0.000280,1.407549,29.900000,300,0.500000,16.820608,0.146339,0.000560,no_change
1835,42,0.136678,0.109648,0.169538,16.950847,0.100000,300,0.000000,3.636513,-1.0,3.636448,4.329388,29.900000,300,0.500000,16.950847,7.273025,7.272896,reduce_kp
1836,42,0.240289,0.321691,0.088384,24.044132,0.100000,300,0.000000,1.613336,25.200000,0.268710,3.607967,29.900000,300,0.500000,24.044132,3.226673,0.537420,reduce_kp
1837,42,0.788804,0.023027,0.135513,31.777742,0.100000,300,0.000000,0.000000,9.800000,0.042688,5.111580,29.900000,300,0.635555,31.777742,0.000000,0.067166,no_change
1838,42,0.424408,0.133509,0.019166,37.558901,0.100000,300,0.000000,0.177357,11.600000,0.001299,7.160616,29.900000,300,0.751178,37.558901,0.236106,0.001729,no_change
1839,42,0.356423,0.209852,0.131945,15.318196,0.100000,300,0.000000,0.921637,22.700000,0.310057,1.682740,29.900000,300,0.500000,15.318196,1.843273,0.620114,no_change
1840,42,0.522312,0.278308,0.175988,33.576917,0.100000,300,0.000000,0.486438,10.400000,0.000190,5.727011,29.900000,300,0.671538,33.576917,0.724364,0.000283,reduce_ki
1841,42,0.473578,0.328155,0.156586,28.622303,0.100000,300,0.000000,0.628444,11.100000,0.000086,4.167389,29.900000,300,0.572446,28.622303,1.097822,0.000151,reduce_ki
1842,42,0.461013,0.067368,0.020538,32.855253,0.100000,300,0.000000,0.042663,10.200000,0.005868,5.447856,29.900000,300,0.657105,32.855253,0.064925,0.008931,no_change
1843,42,0.174299,0.276296,0.038723,32.196364,0.100000,300,0.000000,1.804318,17.000000,0.010255,5.545810,29.900000,300,0.643927,32.196364,2.802053,0.015925,reduce_kp
1844,42,0.801100,0.089700,0.084201,36.738691,0.100000,300,0.000000,0.000000,11.200000,0.006158,6.824715,29.900000,300,0.734774,36.738691,0.000000,0.008380,no_change
1845,42,0.589087,0.085103,0.159405,16.814735,0.100000,300,0.000000,0.152851,5.400000,0.008820,1.454991,29.900000,300,0.500000,16.814735,0.305702,0.017639,no_change
1846,42,0.442834,0.152547,0.191948,37.631209,0.100000,300,0.000000,0.490575,11.800000,0.002533,7.245071,29.900000,300,0.752624,37.631209,0.651820,0.003366,reduce_ki
1847,42,0.442307,0.309828,0.155099,19.422272,0.100000,300,0.000000,0.719101,11.500000,0.000545,2.035186,29.900000,300,0.500000,19.422272,1.438201,0.001089,reduce_ki
1848,42,0.439542,0.120015,0.073766,15.242455,0.100000,300,0.000000,0.323149,4.800000,0.000310,1.212954,29.900000,300,0.500000,15.242455,0.646298,0.000619,reduce_ki
1849,42,0.745084,0.237405,0.011464,30.213236,0.100000,300,0.000000,0.045045,9.100000,0.000186,4.578122,29.900000,300,0.604265,30.213236,0.074544,0.000308,no_change
1850,42,1.018692,0.300546,0.084412,20.862214,0.100000,300,0.000000,0.063437,6.200000,0.000154,2.166513,29.900000,300,0.500000,20.862214,0.126874,0.000308,no_change
1851,42,0.320409,0.317975,0.157053,25.246558,0.100000,300,0.000000,1.308621,17.000000,0.004738,3.499642,29.900000,300,0.504931,25.246558,2.591682,0.009384,reduce_ki
1852,42,0.834646,0.243174,0.196385,32.992869,0.100000,300,0.000000,0.137595,10.100000,0.001130,5.494760,29.900000,300,0.659857,32.992869,0.208523,0.001713,no_change
1853,42,0.464260,0.202444,0.192613,33.483094,0.100000,300,0.000000,0.564750,10.400000,0.000158,5.720132,29.900000,300,0.669662,33.483094,0.843336,0.000235,reduce_ki
1854,42,0.560565,0.056798,0.090860,38.675742,0.100000,300,0.000000,0.000000,12.000000,0.010161,7.597205,29.900000,300,0.773515,38.675742,0.000000,0.013136,increase_kp
1855,42,0.146411,0.076792,0.000739,21.690753,0.100000,300,0.000000,1.909386,21.600000,0.007147,2.994155,29.900000,300,0.500000,21.690753,3.818773,0.014294,reduce_kp
1856,42,0.353301,0.218372,0.047804,37.037585,0.100000,300,0.000000,0.537582,11.500000,0.000513,6.987394,29.900000,300,0.740752,37.037585,0.725724,0.000692,reduce_ki
1857,42,1.147847,0.116030,0.148016,21.159491,0.100000,300,0.000000,0.012884,6.300000,0.002081,2.227074,29.900000,300,0.500000,21.159491,0.025768,0.004161,no_change
1858,42,0.302669,0.346457,0.072563,17.211935,0.100000,300,0.000000,1.146961,-1.0,1.096836,2.354511,29.900000,300,0.500000,17.211935,2.293923,2.193673,increase_ki
1859,42,0.133019,0.040316,0.058115,20.832103,0.100000,300,0.000000,2.195502,25.900000,0.378200,3.113800,29.900000,300,0.500000,20.832103,4.391004,0.756400,reduce_kp
1860,42,0.744255,0.267936,0.008781,15.890567,0.100000,300,0.000000,0.110270,4.700000,0.000025,1.256844,29.900000,300,0.500000,15.890567,0.220540,0.000050,no_change
1861,42,0.317607,0.060951,0.177076,36.565100,0.100000,300,0.000000,0.543117,11.900000,0.045030,6.928843,29.900000,300,0.731302,36.565100,0.742672,0.061575,reduce_ki
1862,42,0.473799,0.194077,0.035708,15.644761,0.100000,300,0.000000,0.291761,4.800000,0.000001,1.251380,29.900000,300,0.500000,15.644761,0.583523,0.000001,no_change
1863,42,1.027170,0.318727,0.004199,35.323571,0.100000,300,0.000000,0.000000,10.700000,0.000107,6.284756,29.900000,300,0.706471,35.323571,0.000000,0.000151,no_change
1864,42,0.516815,0.275595,0.022194,43.083423,0.100000,300,0.000000,0.194440,13.300000,0.000034,9.460415,29.900000,300,0.861668,43.083423,0.225655,0.000040,increase_kp
1865,42,0.435580,0.084052,0.161898,34.827261,0.100000,300,0.000000,0.277509,11.100000,0.018756,6.198319,29.900000,300,0.696545,34.827261,0.398407,0.026927,no_change
1866,42,1.135278,0.341986,0.199539,41.449914,0.100000,300,0.000000,0.040633,12.700000,0.000932,8.726801,29.900000,300,0.828998,41.449914,0.049014,0.001124,increase_kp
1867,42,1.066227,0.022882,0.028886,42.724664,0.100000,300,0.000000,0.000000,13.100000,0.090656,9.332899,29.900000,300,0.854493,42.724664,0.000000,0.106094,increase_kp
1868,42,0.974388,0.067088,0.075639,26.227659,0.100000,300,0.000000,0.000000,7.900000,0.006781,3.441697,29.900000,300,0.524553,26.227659,0.000000,0.012926,no_change
1869,42,0.759504,0.341944,0.048910,16.385856,0.100000,300,0.000000,0.128368,4.900000,0.000002,1.337949,29.900000,300,0.500000,16.385856,0.256737,0.000003,no_change
1870,42,0.777631,0.066186,0.107094,38.687634,0.100000,300,0.000000,0.000000,11.900000,0.021521,7.600686,29.900000,300,0.773753,38.687634,0.000000,0.027814,no_change
1871,42,0.460449,0.018641,0.159122,41.185545,0.100000,300,0.000000,0.000000,13.300000,0.084627,8.711471,29.900000,300,0.823711,41.185545,0.000000,0.102739,increase_kp
1872,42,1.036653,0.338935,0.177167,21.277127,0.100000,300,0.000000,0.127721,6.400000,0.000129,2.263562,29.900000,300,0.500000,21.277127,0.255442,0.000258,no_change
1873,42,0.189548,0.164734,0.132700,16.946191,0.100000,300,0.000000,2.380868,-1.0,2.294132,3.277404,29.900000,300,0.500000,16.946191,4.761735,4.588265,reduce_kp
1874,42,0.659475,0.262958,0.129014,30.274756,0.100000,300,0.000000,0.211935,9.300000,0.000036,4.621221,29.900000,300,0.605495,30.274756,0.350020,0.000059,no_change
1875,42,0.648447,0.162494,0.064365,26.216362,0.100000,300,0.000000,0.098218,8.000000,0.000995,3.449425,29.900000,300,0.524327,26.216362,0.187321,0.001897,no_change
1876,42,0.863961,0.250477,0.098958,23.050064,0.100000,300,0.000000,0.090194,6.900000,0.000286,2.655598,29.900000,300,0.500000,23.050064,0.180389,0.000572,no_change
1877,42,0.541041,0.322415,0.116797,16.098135,0.100000,300,0.000000,0.426276,4.900000,0.000010,1.361006,29.900000,300,0.500000,16.098135,0.852552,0.000020,reduce_ki
1878,42,0.341479,0.071050,0.172634,26.876999,0.100000,300,0.000000,0.543360,12.600000,0.008449,3.772305,29.900000,300,0.537540,26.876999,1.010827,0.015718,reduce_ki
1879,42,0.436599,0.311048,0.114274,43.064967,0.100000,300,0.000000,0.578238,13.400000,0.001093,9.489142,29.900000,300,0.861299,43.064967,0.671355,0.001269,reduce_ki
1880,42,0.511518,0.192693,0.026866,17.520844,0.100000,300,0.000000,0.238113,5.300000,0.000011,1.549465,29.900000,300,0.500000,17.520844,0.476227,0.000022,no_change
1881,42,0.588956,0.123051,0.116792,28.957593,0.100000,300,0.000000,0.137697,9.000000,0.004203,4.233635,29.900000,300,0.579152,28.957593,0.237756,0.007257,no_change
1882,42,0.783238,0.149136,0.093510,27.268583,0.100000,300,0.000000,0.047950,8.300000,0.001919,3.727061,29.900000,300,0.545372,27.268583,0.087922,0.003518,no_change
1883,42,0.984955,0.110957,0.076474,20.386972,0.100000,300,0.000000,0.019654,6.100000,0.002391,2.066760,29.900000,300,0.500000,20.386972,0.039308,0.004782,no_change
1884,42,0.357169,0.225874,0.071819,17.472555,0.100000,300,0.000000,0.762152,12.100000,0.000095,1.712071,29.900000,300,0.500000,17.472555,1.524304,0.000190,reduce_ki
1885,42,1.026864,0.179477,0.128731,38.576199,0.100000,300,0.000000,0.000000,11.800000,0.000173,7.528322,29.900000,300,0.771524,38.576199,0.000000,0.000225,no_change
1886,42,1.119267,0.034443,0.014270,16.148442,0.100000,300,0.000000,0.000000,4.700000,0.004822,1.289613,29.900000,300,0.500000,16.148442,0.000000,0.009644,no_change
1887,42,0.320337,0.068826,0.065848,24.081467,0.100000,300,0.000000,0.414018,7.800000,0.005069,3.002004,29.900000,300,0.500000,24.081467,0.828036,0.010138,reduce_ki
1888,42,0.997121,0.239239,0.054893,36.169279,0.100000,300,0.000000,0.000000,11.000000,0.000098,6.596983,29.900000,300,0.723386,36.169279,0.000000,0.000135,no_change
1889,42,1.197795,0.349442,0.150477,37.194630,0.100000,300,0.000000,0.031504,11.300000,0.000505,6.988092,29.900000,300,0.743893,37.194630,0.042350,0.000678,no_change
1890,42,1.103621,0.002987,0.059895,39.669266,0.100000,300,0.000000,0.000000,12.100000,0.101540,8.027035,29.900000,300,0.793385,39.669266,0.000000,0.127983,increase_kp
1891,42,0.961441,0.141334,0.081152,32.398613,0.100000,300,0.000000,0.000000,9.800000,0.000447,5.273040,29.900000,300,0.647972,32.398613,0.000000,0.000690,no_change
1892,42,0.820839,0.165201,0.102529,37.834816,0.100000,300,0.000000,0.016900,11.600000,0.001319,7.240371,29.900000,300,0.756696,37.834816,0.022334,0.001743,no_change
1893,42,0.264209,0.139127,0.045385,37.474112,0.100000,300,0.000000,0.799918,14.700000,0.002306,7.209811,29.900000,300,0.749482,37.474112,1.067295,0.003077,reduce_ki
1894,42,0.621882,0.180539,0.157195,37.728639,0.100000,300,0.000000,0.184072,11.700000,0.002431,7.229395,29.900000,300,0.754573,37.728639,0.243942,0.003222,no_change
1895,42,0.894761,0.161490,0.158383,24.392245,0.100000,300,0.000000,0.060866,7.400000,0.002433,2.980057,29.900000,300,0.500000,24.392245,0.121731,0.004866,no_change
1896,42,0.306631,0.269546,0.139588,21.287543,0.100000,300,0.000000,1.329455,21.100000,0.015562,2.758068,29.900000,300,0.500000,21.287543,2.658909,0.031125,reduce_ki
1897,42,0.594969,0.195456,0.074940,32.325253,0.100000,300,0.000000,0.138333,9.900000,0.000427,5.271300,29.900000,300,0.646505,32.325253,0.213971,0.000660,no_change
1898,42,0.241180,0.330174,0.001936,39.312042,0.100000,300,0.000000,1.137069,14.700000,0.001793,7.931125,29.900000,300,0.786241,39.312042,1.446209,0.002281,reduce_ki
1899,42,1.017729,0.118938,0.083829,35.572884,0.100000,300,0.000000,0.000000,10.800000,0.006930,6.388363,29.900000,300,0.711458,35.572884,0.000000,0.009740,no_change
1900,42,0.543706,0.272525,0.107521,24.782385,0.100000,300,0.000000,0.336469,7.600000,0.000004,3.098990,29.900000,300,0.500000,24.782385,0.672938,0.000009,reduce_ki
1901,42,0.125564,0.274875,0.184429,19.610737,0.100000,300,0.000000,3.036466,-1.0,2.906892,4.259739,29.900000,300,0.500000,19.610737,6.072932,5.813783,reduce_kp
1902,42,1.147901,0.115588,0.125968,33.090084,0.100000,300,0.000000,0.000000,10.000000,0.005788,5.511482,29.900000,300,0.661802,33.090084,0.000000,0.008746,no_change
1903,42,0.768621,0.303431,0.196034,21.126139,0.100000,300,0.000000,0.257433,6.400000,0.000007,2.249051,29.900000,300,0.500000,21.126139,0.514865,0.000014,no_change
1904,42,0.529700,0.187072,0.037668,18.259151,0.100000,300,0.000000,0.235656,5.500000,0.000034,1.682575,29.900000,300,0.500000,18.259151,0.471312,0.000069,no_change
1905,42,0.726467,0.158037,0.178949,17.797245,0.100000,300,0.000000,0.161572,5.500000,0.001620,1.605974,29.900000,300,0.500000,17.797245,0.323145,0.003241,no_change
1906,42,0.214744,0.193517,0.006412,35.670736,0.100000,300,0.000000,1.275330,14.800000,0.001095,6.569702,29.900000,300,0.713415,35.670736,1.787642,0.001534,reduce_ki
1907,42,0.637475,0.065342,0.013898,43.889837,0.100000,300,0.000000,0.000000,13.600000,0.036721,9.849371,29.900000,300,0.877797,43.889837,0.000000,0.041833,increase_kp
1908,42,0.412199,0.081564,0.131914,17.099383,0.100000,300,0.000000,0.354293,5.600000,0.004443,1.549547,29.900000,300,0.500000,17.099383,0.708587,0.008886,reduce_ki
1909,42,0.163198,0.181486,0.034365,40.791220,0.100000,300,0.000000,1.865517,17.400000,0.033667,8.706057,29.900000,300,0.815824,40.791220,2.286665,0.041268,reduce_kp
1910,42,0.551947,0.054962,0.022149,31.093591,0.100000,300,0.000000,0.000000,9.500000,0.004181,4.865041,29.900000,300,0.621872,31.093591,0.000000,0.006723,no_change
1911,42,0.626076,0.024067,0.191019,40.970985,0.100000,300,0.000000,0.000000,12.900000,0.070814,8.589532,29.900000,300,0.819420,40.970985,0.000000,0.086420,increase_kp
1912,42,0.242926,0.071987,0.086440,36.290148,0.100000,300,0.000000,0.780672,15.900000,0.015877,6.829012,29.900000,300,0.725803,36.290148,1.075598,0.021876,reduce_ki
1913,42,0.622258,0.211298,0.187831,32.624759,0.100000,300,0.000000,0.272273,10.100000,0.000272,5.392816,29.900000,300,0.652495,32.624759,0.417280,0.000417,no_change
1914,42,0.652723,0.239693,0.055088,15.223299,0.100000,300,0.000000,0.179215,4.600000,0.000017,1.165591,29.900000,300,0.500000,15.223299,0.358430,0.000035,no_change
1915,42,0.256961,0.022390,0.079847,39.226975,0.100000,300,0.000000,0.110578,13.200000,0.064077,7.916182,29.900000,300,0.784539,39.226975,0.140947,0.081674,increase_kp
1916,42,0.678442,0.318606,0.175848,28.806137,0.100000,300,0.000000,0.284295,8.800000,0.000004,4.185318,29.900000,300,0.576123,28.806137,0.493463,0.000007,no_change
1917,42,0.733746,0.258052,0.057582,41.429822,0.100000,300,0.000000,0.055680,12.700000,0.000547,8.719895,29.900000,300,0.828596,41.429822,0.067198,0.000661,increase_kp
1918,42,0.601937,0.245111,0.142330,23.923462,0.100000,300,0.000000,0.305611,7.400000,0.000006,2.890364,29.900000,300,0.500000,23.923462,0.611222,0.000011,reduce_ki
1919,42,0.774330,0.283495,0.035025,22.474045,0.100000,300,0.000000,0.109667,6.700000,0.000050,2.521207,29.900000,300,0.500000,22.474045,0.219334,0.000100,no_change
1920,42,1.089961,0.256635,0.091566,42.324993,0.100000,300,0.000000,0.000000,13.000000,0.001302,9.106663,29.900000,300,0.846500,42.324993,0.000000,0.001538,increase_kp
1921,42,0.301789,0.199015,0.078710,43.370621,0.100000,300,0.000000,0.852812,13.500000,0.004558,9.673960,29.900000,300,0.867412,43.370621,0.983168,0.005254,reduce_ki
1922,42,0.363665,0.304689,0.054755,33.842496,0.100000,300,0.000000,0.721168,12.400000,0.000221,5.826494,29.900000,300,0.676850,33.842496,1.065477,0.000326,reduce_ki
1923,42,0.421079,0.320704,0.139609,36.672282,0.100000,300,0.000000,0.724442,11.300000,0.000069,6.858885,29.900000,300,0.733446,36.672282,0.987724,0.000094,reduce_ki
1924,42,0.338980,0.172721,0.198478,31.584717,0.100000,300,0.000000,1.067265,14.400000,0.004558,5.175377,29.900000,300,0.631694,31.584717,1.689527,0.007215,reduce_ki
1925,42,1.194848,0.026787,0.021045,37.996172,0.100000,300,0.000000,0.000000,11.500000,0.061396,7.334734,29.900000,300,0.759923,37.996172,0.000000,0.080792,no_change
1926,42,0.458614,0.157828,0.050553,30.181937,0.100000,300,0.000000,0.261659,9.300000,0.000171,4.606171,29.900000,300,0.603639,30.181937,0.433469,0.000282,no_change
1927,42,0.608384,0.025618,0.138897,37.492084,0.100000,300,0.000000,0.000000,11.700000,0.052227,7.161167,29.900000,300,0.749842,37.492084,0.000000,0.069650,no_change
1928,42,0.519271,0.261085,0.171155,26.900230,0.100000,300,0.000000,0.477860,8.300000,0.000064,3.673218,29.900000,300,0.538005,26.900230,0.888208,0.000119,reduce_ki
1929,42,0.111811,0.040139,0.183427,24.813311,0.100000,300,0.000000,4.461110,-1.0,2.021967,5.313822,29.900000,300,0.500000,24.813311,8.922220,4.043934,reduce_kp
1930,42,0.923544,0.169666,0.013647,31.452856,0.100000,300,0.000000,0.000000,9.400000,0.000921,4.964865,29.900000,300,0.629057,31.452856,0.000000,0.001464,no_change
1931,42,0.366523,0.332506,0.028051,39.612801,0.100000,300,0.000000,0.605780,12.200000,0.000226,7.994507,29.900000,300,0.792256,39.612801,0.764627,0.000286,reduce_ki
1932,42,1.025719,0.059706,0.003613,18.015454,0.100000,300,0.000000,0.000000,5.300000,0.002743,1.606779,29.900000,300,0.500000,18.015454,0.000000,0.005485,no_change
1933,42,0.423559,0.187129,0.078170,17.327559,0.100000,300,0.000000,0.479534,5.400000,0.000015,1.570935,29.900000,300,0.500000,17.327559,0.959067,0.000030,reduce_ki
1934,42,0.939948,0.237084,0.030699,25.742610,0.100000,300,0.000000,0.035877,7.700000,0.000357,3.307494,29.900000,300,0.514852,25.742610,0.069684,0.000693,no_change
1935,42,0.338340,0.012056,0.135009,21.484995,0.100000,300,0.000000,0.066269,7.800000,0.044086,2.398255,29.900000,300,0.500000,21.484995,0.132538,0.088172,no_change
1936,42,0.866417,0.292775,0.162302,34.230366,0.100000,300,0.000000,0.108798,10.400000,0.000428,5.912531,29.900000,300,0.684607,34.230366,0.158921,0.000625,no_change
1937,42,0.888051,0.313953,0.078124,24.249728,0.100000,300,0.000000,0.090931,7.300000,0.000076,2.937699,29.900000,300,0.500000,24.249728,0.181862,0.000152,no_change
1938,42,0.157657,0.001633,0.154482,38.013427,0.100000,300,0.000000,0.000000,17.700000,0.363719,7.938321,29.900000,300,0.760269,38.013427,0.000000,0.478408,increase_kp
1939,42,1.121703,0.131126,0.047708,17.741593,0.100000,300,0.000000,0.009907,5.200000,0.000974,1.557060,29.900000,300,0.500000,17.741593,0.019814,0.001949,no_change
1940,42,0.563851,0.346252,0.067423,20.764555,0.100000,300,0.000000,0.335611,6.300000,0.000000,2.171303,29.900000,300,0.500000,20.764555,0.671222,0.000000,reduce_ki
1941,42,0.835844,0.077199,0.176457,38.907725,0.100000,300,0.000000,0.000000,12.000000,0.010404,7.681067,29.900000,300,0.778154,38.907725,0.000000,0.013370,increase_kp
1942,42,1.013496,0.058759,0.033409,27.470400,0.100000,300,0.000000,0.000000,8.200000,0.012607,3.782744,29.900000,300,0.549408,27.470400,0.000000,0.022947,no_change
1943,42,0.218452,0.114500,0.112411,20.686426,0.100000,300,0.000000,1.662514,21.600000,0.030544,2.739004,29.900000,300,0.500000,20.686426,3.325027,0.061088,reduce_kp
1944,42,0.327831,0.189596,0.187785,18.624119,0.100000,300,0.000000,1.191015,20.100000,0.027167,2.194483,29.900000,300,0.500000,18.624119,2.382030,0.054333,reduce_ki
1945,42,0.335158,0.124802,0.034724,27.064185,0.100000,300,0.000000,0.463970,8.500000,0.000160,3.732854,29.900000,300,0.541284,27.064185,0.857167,0.000295,reduce_ki
1946,42,0.447864,0.136215,0.091755,16.980489,0.100000,300,0.000000,0.365577,5.300000,0.000068,1.494097,29.900000,300,0.500000,16.980489,0.731154,0.000135,reduce_ki
1947,42,0.996593,0.227481,0.073796,17.019938,0.100000,300,0.000000,0.057388,5.000000,0.000460,1.439743,29.900000,300,0.500000,17.019938,0.114777,0.000921,no_change
1948,42,0.340417,0.105537,0.119774,44.493075,0.100000,300,0.000000,0.453296,14.200000,0.003738,10.191115,29.900000,300,0.889861,44.493075,0.509401,0.004201,reduce_ki
1949,42,0.211995,0.187664,0.198106,40.513951,0.100000,300,0.000000,2.175826,18.700000,0.007706,8.697678,29.900000,300,0.810279,40.513951,2.685280,0.009511,reduce_kp
1950,42,0.288605,0.335662,0.119973,44.442477,0.100000,300,0.000000,1.248913,16.700000,0.005579,10.196402,29.900000,300,0.888850,44.442477,1.405090,0.006277,reduce_ki
1951,42,0.865947,0.237265,0.194473,35.811622,0.100000,300,0.000000,0.090982,11.000000,0.001574,6.484130,29.900000,300,0.716232,35.811622,0.127028,0.002197,no_change
1952,42,0.465251,0.222374,0.176793,24.539009,0.100000,300,0.000000,0.608389,10.800000,0.000185,3.086108,29.900000,300,0.500000,24.539009,1.216777,0.000371,reduce_ki
1953,42,1.036710,0.168746,0.067021,33.256000,0.100000,300,0.000000,0.000000,10.000000,0.000593,5.559658,29.900000,300,0.665120,33.256000,0.000000,0.000892,no_change
1954,42,0.743541,0.133830,0.128118,21.972764,0.100000,300,0.000000,0.104312,6.700000,0.003513,2.426543,29.900000,300,0.500000,21.972764,0.208624,0.007026,no_change
1955,42,0.746215,0.345933,0.046521,33.490460,0.100000,300,0.000000,0.107556,10.100000,0.000023,5.648494,29.900000,300,0.669809,33.490460,0.160577,0.000035,no_change
1956,42,1.086457,0.108097,0.147583,37.717372,0.100000,300,0.000000,0.000000,11.500000,0.011122,7.202910,29.900000,300,0.754347,37.717372,0.000000,0.014744,no_change
1957,42,0.781743,0.020973,0.074905,23.898442,0.100000,300,0.000000,0.000000,7.300000,0.020292,2.866623,29.900000,300,0.500000,23.898442,0.000000,0.040585,no_change
1958,42,0.266838,0.071535,0.007581,42.702274,0.100000,300,0.000000,0.312281,13.600000,0.010950,9.356521,29.900000,300,0.854045,42.702274,0.365649,0.012821,reduce_ki
1959,42,0.757883,0.331057,0.147851,24.860696,0.100000,300,0.000000,0.230793,7.600000,0.000004,3.105191,29.900000,300,0.500000,24.860696,0.461585,0.000008,no_change
1960,42,0.405939,0.225261,0.152099,30.626186,0.100000,300,0.000000,0.681364,12.300000,0.000587,4.790391,29.900000,300,0.612524,30.626186,1.112388,0.000959,reduce_ki
1961,42,1.175324,0.226816,0.057691,15.710800,0.100000,300,0.000000,0.026367,4.600000,0.000439,1.220134,29.900000,300,0.500000,15.710800,0.052734,0.000878,no_change
1962,42,1.031628,0.115945,0.048450,31.179353,0.100000,300,0.000000,0.000000,9.400000,0.004776,4.882620,29.900000,300,0.623587,31.179353,0.000000,0.007659,no_change
1963,42,1.097295,0.232752,0.049668,35.620495,0.100000,300,0.000000,0.000000,10.800000,0.000998,6.396884,29.900000,300,0.712410,35.620495,0.000000,0.001401,no_change
1964,42,0.891452,0.212822,0.076297,24.649110,0.100000,300,0.000000,0.060392,7.400000,0.000714,3.035998,29.900000,300,0.500000,24.649110,0.120785,0.001427,no_change
1965,42,0.586597,0.002115,0.173973,17.099548,0.100000,300,0.000000,0.000000,5.700000,0.027439,1.496717,29.900000,300,0.500000,17.099548,0.000000,0.054878,no_change
1966,42,0.311712,0.222028,0.028306,21.126600,0.100000,300,0.000000,0.817812,11.700000,0.000188,2.367415,29.900000,300,0.500000,21.126600,1.635624,0.000376,reduce_ki
1967,42,0.200935,0.207421,0.166244,42.954381,0.100000,300,0.000000,2.075167,18.700000,0.025110,9.712680,29.900000,300,0.859088,42.954381,2.415548,0.029229,reduce_kp
1968,42,0.359941,0.027358,0.144998,24.343889,0.100000,300,0.000000,0.175317,8.400000,0.063032,3.078725,29.900000,300,0.500000,24.343889,0.350635,0.126064,no_change
1969,42,0.893841,0.085724,0.035287,22.469083,0.100000,300,0.000000,0.000000,6.700000,0.000350,2.509760,29.900000,300,0.500000,22.469083,0.000000,0.000700,no_change
1970,42,0.413888,0.156895,0.127121,23.155824,0.100000,300,0.000000,0.509085,9.900000,0.000018,2.750846,29.900000,300,0.500000,23.155824,1.018170,0.000036,reduce_ki
1971,42,0.959418,0.028006,0.194511,26.947334,0.100000,300,0.000000,0.000000,8.300000,0.019800,3.650943,29.900000,300,0.538947,26.947334,0.000000,0.036738,no_change
1972,42,0.284543,0.154482,0.101059,37.047843,0.100000,300,0.000000,0.993822,15.200000,0.005104,7.069900,29.900000,300,0.740957,37.047843,1.341268,0.006888,reduce_ki
1973,42,0.936357,0.286861,0.158712,15.594332,0.100000,300,0.000000,0.122717,4.700000,0.000106,1.218255,29.900000,300,0.500000,15.594332,0.245434,0.000213,no_change
1974,42,0.519561,0.298915,0.151772,42.645975,0.100000,300,0.000000,0.399849,13.300000,0.000004,9.291942,29.900000,300,0.852919,42.645975,0.468800,0.000005,reduce_ki
1975,42,0.754702,0.053480,0.145330,22.718752,0.100000,300,0.000000,0.017330,7.000000,0.005603,2.583245,29.900000,300,0.500000,22.718752,0.034661,0.011205,no_change
1976,42,0.610016,0.158761,0.075029,33.180761,0.100000,300,0.000000,0.117686,10.200000,0.001879,5.557897,29.900000,300,0.663615,33.180761,0.177340,0.002831,no_change
1977,42,0.179134,0.047830,0.093852,19.641734,0.100000,300,0.000000,1.522476,20.900000,0.047476,2.499608,29.900000,300,0.500000,19.641734,3.044952,0.094951,reduce_kp
1978,42,0.308588,0.004492,0.100140,36.760361,0.100000,300,0.000000,0.000000,12.600000,0.200169,7.031469,29.900000,300,0.735207,36.760361,0.000000,0.272262,increase_kp
1979,42,0.640599,0.323992,0.188057,44.114779,0.100000,300,0.000000,0.283461,13.700000,0.000415,9.947177,29.900000,300,0.882296,44.114779,0.321277,0.000471,increase_kp
1980,42,0.510459,0.171343,0.128210,32.649270,0.100000,300,0.000000,0.274785,10.200000,0.000204,5.405346,29.900000,300,0.652985,32.649270,0.420814,0.000313,no_change
1981,42,0.549666,0.013589,0.184321,26.544780,0.100000,300,0.000000,0.000000,8.700000,0.018851,3.568053,29.900000,300,0.530896,26.544780,0.000000,0.035508,no_change
1982,42,0.722169,0.067980,0.087260,22.657753,0.100000,300,0.000000,0.023355,6.900000,0.004764,2.566507,29.900000,300,0.500000,22.657753,0.046710,0.009528,no_change
1983,42,1.104395,0.252786,0.101922,29.658655,0.100000,300,0.000000,0.018587,8.900000,0.000435,4.406217,29.900000,300,0.593173,29.658655,0.031335,0.000734,no_change
1984,42,0.857338,0.243759,0.130181,42.795563,0.100000,300,0.000000,0.035289,13.200000,0.001276,9.320808,29.900000,300,0.855911,42.795563,0.041230,0.001491,increase_kp
1985,42,0.909231,0.084824,0.006902,39.393792,0.100000,300,0.000000,0.000000,12.000000,0.025102,7.882206,29.900000,300,0.787876,39.393792,0.000000,0.031860,increase_kp
1986,42,0.794048,0.236749,0.139494,34.360006,0.100000,300,0.000000,0.103449,10.500000,0.000928,5.959929,29.900000,300,0.687200,34.360006,0.150537,0.001351,no_change
1987,42,0.387464,0.159415,0.136213,22.628641,0.100000,300,0.000000,0.654872,10.900000,0.000181,2.657160,29.900000,300,0.500000,22.628641,1.309745,0.000361,reduce_ki
1988,42,0.762364,0.333122,0.168303,15.370122,0.100000,300,0.000000,0.249728,4.700000,0.000000,1.199533,29.900000,300,0.500000,15.370122,0.499457,0.000001,no_change
1989,42,0.948069,0.225539,0.183377,26.930008,0.100000,300,0.000000,0.079687,8.200000,0.001176,3.637718,29.900000,300,0.538600,26.930008,0.147952,0.002183,no_change
1990,42,0.744776,0.315348,0.103707,20.664698,0.100000,300,0.000000,0.177386,6.200000,0.000005,2.138678,29.900000,300,0.500000,20.664698,0.354771,0.000011,no_change
1991,42,0.565239,0.290412,0.050574,24.066587,0.100000,300,0.000000,0.237300,7.300000,0.000000,2.907779,29.900000,300,0.500000,24.066587,0.474600,0.000000,no_change
1992,42,1.164452,0.230470,0.076558,24.239366,0.100000,300,0.000000,0.018173,7.200000,0.000491,2.926420,29.900000,300,0.500000,24.239366,0.036347,0.000983,no_change
1993,42,0.552770,0.306740,0.145530,17.666203,0.100000,300,0.000000,0.464318,5.400000,0.000014,1.623192,29.900000,300,0.500000,17.666203,0.928637,0.000029,reduce_ki
1994,42,0.799798,0.271842,0.068879,19.281404,0.100000,300,0.000000,0.123313,5.800000,0.000068,1.856466,29.900000,300,0.500000,19.281404,0.246625,0.000136,no_change
1995,42,0.923603,0.325506,0.079594,24.243010,0.100000,300,0.000000,0.087892,7.300000,0.000078,2.935212,29.900000,300,0.500000,24.243010,0.175784,0.000155,no_change
1996,42,1.185728,0.285736,0.000316,17.095245,0.100000,300,0.000000,0.011600,5.000000,0.000072,1.441688,29.900000,300,0.500000,17.095245,0.023201,0.000144,no_change
1997,42,0.865948,0.183737,0.130904,36.991267,0.100000,300,0.000000,0.035876,11.300000,0.002082,6.917387,29.900000,300,0.739825,36.991267,0.048493,0.002814,no_change
1998,42,0.287698,0.131128,0.140809,20.940616,0.100000,300,0.000000,1.136882,15.700000,0.010511,2.483096,29.900000,300,0.500000,20.940616,2.273764,0.021022,reduce_ki
1999,42,0.300183,0.331969,0.090132,39.431114,0.100000,300,0.000000,1.180206,15.100000,0.001456,7.992378,29.900000,300,0.788622,39.431114,1.496542,0.001846,reduce_ki
2000,42,0.304202,0.020644,0.036546,37.774941,0.100000,300,0.000000,0.000000,12.400000,0.025545,7.292839,29.900000,300,0.755499,37.774941,0.000000,0.033812,increase_kp
